Sequence,Length,Protein,Start,End,B-cell Epitope,HLA-I alleles,HLA-II alleles,HLA-I coverage,HLA-II coverage,Class I H2-b,Class II H2-b,Class I H2-d,Class II H2-d,sources,num_sources,EUR_HLA_I_coverage,EUR_DRB_coverage,AFA_HLA_I_coverage,AFA_DRB_coverage,API_HLA_I_coverage,API_DRB_coverage,HIS_HLA_I_coverage,HIS_DRB_coverage
LLQFAYANRNRFLYI,15,M,34,48,"",B*08:01 C*07:02 B*35:01 C*03:04 C*06:02 C*07:01 A*01:01,DRB1*03:01 DRB1*11:01 DRB1*13:01,0.77,0.36,+,+,+,+,selected-tcell-cd4-cd8-h2b-h2d-15mer.csv;selected-tcell-cd4-cd8-h2d-15mer.csv;selected-tcell-cd4-cd8-15mer.csv;selected-tcell-cd4-h2b-h2d-15mer.csv;selected-tcell-cd4-h2b-15mer.csv;selected-tcell-cd4-h2d-15mer.csv;selected-tcell-cd4-15mer.csv,7,0.837750152264115,0.407128630784743,0.637220852780523,0.35797365604944,0.604706455372093,0.231751277949666,0.662079400741241,0.276708322267044
YANRNRFLYIIKLIF,15,M,39,53,"",B*08:01 C*06:02 C*07:01 C*07:02 A*24:02 A*01:01 B*35:01,"",0.78,0,+,-,+,-,selected-tcell-cd8-h2d-15mer.csv,1,0.839411068585934,0,0.612875316416969,0,0.685386937087257,0,0.699804085676461,0
ANRNRFLYIIKLIFL,15,M,40,54,"",B*08:01 A*02:01 C*06:02 C*07:01 C*07:02 A*24:02,"",0.81,0,+,-,+,-,selected-tcell-cd8-h2b-h2d-15mer.csv;selected-tcell-cd8-h2b-15mer.csv,2,0.869488742705685,0,0.626060006767528,0,0.687600116724723,0,0.74454751951656,0
YFIASFRLFARTRSM,15,M,95,109,"",C*06:02 C*07:02 B*07:02 B*08:01 C*03:04 C*07:01 A*24:02,DRB1*11:01 DRB1*13:01,0.78,0.2,+,-,+,+,selected-tcell-cd8-15mer.csv,1,0.835856524901749,0.218221469029649,0.624227408822126,0.25658447277365,0.696548576781695,0.142030788909144,0.695813999699389,0.157779575534357
SFRLFARTRSMWSFN,15,M,99,113,"",C*06:02 C*07:02 B*07:02 B*08:01 C*03:04 C*07:01,DRB1*04:01 DRB1*07:01 DRB1*11:01 DRB1*13:01,0.73,0.46,+,+,-,+,selected-tcell-cd4-cd8-h2b-15mer.csv,1,0.803143894572519,0.51976547343213,0.607091162340483,0.42213204677205,0.546072842841857,0.290011870432408,0.604289324842139,0.344137357838198
LSPRWYFYYLGTGPE,15,N,104,118,"",A*01:01 B*07:02 B*08:01,"",0.49,0,+,-,+,-,selected-tcell-cd8-h2b-h2d-15mer.csv;selected-tcell-cd8-h2d-15mer.csv;selected-tcell-cd8-h2b-15mer.csv,3,0.611710132402258,0,0.278990062109337,0,0.173661731875366,0,0.289632022037119,0
ATKAYNVTQAFGRRG,15,N,264,278,"",B*35:01 C*03:04,DRB1*01:01 DRB1*07:01 DRB1*11:01 DRB1*13:01,0.24,0.46,+,+,+,-,selected-tcell-cd4-cd8-h2b-15mer.csv,1,0.25105994220638,0.520166954296566,0.216383246485425,0.425816448203811,0.230311706322039,0.316105136339677,0.241144503877828,0.376030898710936
PQIAQFAPSASAFFG,15,N,302,316,"",A*24:02,DQA1*05:05/DQB1*03:01 DRB1*07:01,0.17,0.39,-,+,+,+,selected-tcell-cd4-cd8-h2d-15mer.csv;selected-tcell-cd4-h2b-h2d-15mer.csv;selected-tcell-cd4-h2d-15mer.csv,3,0.1661753404,0.2563869711,0.0436137975,0.1858727559,0.3314975356,0.1572943599,0.2312919024,0.1981692975
SASAFFGMSRIGMEV,15,N,310,324,"",A*11:01 A*02:01 C*03:04,DQA1*05:05/DQB1*03:01 DRB1*11:01 DRB1*13:01,0.56,0.37,+,-,+,-,selected-tcell-cd4-cd8-15mer.csv,1,0.628296334485549,0.218221469029649,0.334702978749231,0.25658447277365,0.535866362296783,0.142030788909144,0.488622108572908,0.157779575534357
MEVTPSGTWLTYTGA,15,N,322,336,"",A*01:01 B*35:01 B*44:02 B*44:03,"",0.46,0,-,-,-,-,selected-tcell-cd8-15mer.csv,1,0.544039919928261,0,0.319331839194149,0,0.254519053690429,0,0.370671409174958,0
PSGTWLTYTGAIKLD,15,N,326,340,"",C*03:04,DRB1*01:01 DRB1*07:01 DRB1*13:01 DRB1*15:01,0.14,0.52,+,+,-,-,selected-tcell-cd4-h2b-15mer.csv,1,0.1575513775,0.605384109105527,0.10375911,0.350805309762619,0.1600644096,0.355873911190959,0.1346907516,0.407868350408666
QQTVTLLPAADLDDF,15,N,389,403,"",B*35:01,DQA1*05:01/DQB1*02:01 DRB1*01:01,0.11,0.34,-,-,-,-,selected-tcell-cd4-cd8-15mer.csv;selected-tcell-cd4-15mer.csv,2,0.1109961631,0.1746095799,0.1256627964,0.0513045199,0.0836341471000001,0.0541075951,0.1230239391,0.0760368870999999
IGINITRFQTLLALH,15,S,231,245,"",B*08:01 C*06:02 C*07:01 C*07:02,DRB1*01:01 DRB1*04:01 DRB1*07:01 DRB1*11:01 DRB1*13:01 DRB1*15:01,0.61,0.62,+,-,+,+,selected-tcell-cd4-cd8-h2d-15mer.csv;selected-tcell-cd4-cd8-15mer.csv,2,0.684152623835812,0.709835549079203,0.489805602728453,0.483445019696123,0.429956912890572,0.430579786044719,0.488423113139696,0.472241054963518
YYVGYLQPRTFLLKY,15,S,265,279,"",C*07:02 A*24:02 B*08:01 A*02:01 C*03:04 C*05:01 C*07:01 A*03:01 A*11:01,DRB1*07:01,0.88,0.23,-,+,+,-,selected-tcell-cd8-h2d-15mer.csv;selected-tcell-cd8-15mer.csv,2,0.927920342431389,0.2563869711,0.693049770666066,0.1858727559,0.811220803031377,0.1572943599,0.824971632585246,0.1981692975
LTDEMIAQYTSALLA,15,S,865,879,"",C*03:04 A*01:01 B*35:01,DRB1*01:01 DRB1*07:01 DRB1*15:01,0.42,0.46,+,+,+,+,selected-tcell-cd4-cd8-h2b-h2d-15mer.csv;selected-tcell-cd4-cd8-h2b-15mer.csv;selected-tcell-cd8-h2b-h2d-15mer.csv;selected-tcell-cd8-h2b-15mer.csv,4,0.486303005881099,0.550698556035984,0.288939374560809,0.272253323286409,0.306554971778782,0.324138523021066,0.33945295821968,0.354783611009722
RAAEIRASANLAATK,15,S,1014,1028,"",A*11:01 B*44:02 B*44:03,DQA1*01:02/DQB1*06:02 DQA1*03:03/DQB1*03:01 DQA1*05:05/DQB1*03:01 DRB1*01:01 DRB1*04:01 DRB1*07:01 DRB1*13:01 DRB1*15:01,0.3,0.79,-,+,-,+,selected-tcell-cd4-cd8-15mer.csv;selected-tcell-cd4-h2b-h2d-15mer.csv;selected-tcell-cd4-h2b-15mer.csv;selected-tcell-cd4-h2d-15mer.csv;selected-tcell-cd4-15mer.csv,5,0.334235436397153,0.674015297566833,0.168980038055111,0.380159922115799,0.39135033571028,0.367479837861413,0.249971259977353,0.424927343423088
GGNYNYLYRLFRKSN,15,S,446,460,FRKSNLKPFERDISTEIY,A*24:02 C*07:02,DRB1*11:01 DRB1*13:01,0.37,0.2,+,-,+,-,selected-bcell-cd8-15mer.csv,1,0.39764673055251,0.218221469029649,0.172252234456075,0.25658447277365,0.511993628829577,0.142030788909144,0.394945170257606,0.157779575534357
NYNYLYRLFRKSNLK,15,S,448,462,FRKSNLKPFERDISTEIY,A*24:02 C*07:02 B*08:01 A*03:01 A*11:01 C*06:02 C*07:01,DRB1*11:01 DRB1*13:01,0.77,0.2,+,-,+,-,selected-bcell-cd4-cd8-15mer.csv;selected-bcell-cd4-15mer.csv;selected-bcell-cd8-h2b-h2d-15mer.csv;selected-bcell-cd8-h2d-15mer.csv,4,0.827973790544341,0.218221469029649,0.60110792632008,0.25658447277365,0.756301836487308,0.142030788909144,0.696570038981356,0.157779575534357
YNYLYRLFRKSNLKP,15,S,449,463,FRKSNLKPFERDISTEIY,B*08:01 A*03:01 A*11:01 C*06:02 C*07:01 C*07:02,DRB1*11:01 DRB1*13:01,0.73,0.2,+,-,-,-,selected-bcell-cd8-h2b-15mer.csv,1,0.793690187169346,0.218221469029649,0.582917368906815,0.25658447277365,0.635456596661289,0.142030788909144,0.605272844183652,0.157779575534357
YLYRLFRKSNLKPFE,15,S,451,465,FRKSNLKPFERDISTEIY,C*07:02 B*08:01 A*03:01 A*11:01 C*06:02 C*07:01,DRB1*11:01 DRB1*13:01,0.73,0.2,+,-,-,-,selected-bcell-cd8-15mer.csv,1,0.793690187169346,0.218221469029649,0.582917368906815,0.25658447277365,0.635456596661289,0.142030788909144,0.605272844183652,0.157779575534357
YRLFRKSNLKPFERD,15,S,453,467,FRKSNLKPFERDISTEIY,C*07:02 A*11:01 B*08:01 A*03:01 C*06:02 C*07:01,DRB1*07:01,0.73,0.23,+,-,-,-,selected-bcell-cd4-cd8-15mer.csv;selected-bcell-cd4-15mer.csv,2,0.793690187169346,0.2563869711,0.582917368906815,0.1858727559,0.635456596661289,0.1572943599,0.605272844183652,0.1981692975
RLFRKSNLKPFERDI,15,S,454,468,FRKSNLKPFERDISTEIY,C*07:02 A*11:01 B*08:01 A*03:01,"",0.56,0,+,-,-,-,selected-bcell-cd8-h2b-15mer.csv,1,0.638933620648015,0,0.345728339952355,0,0.548360155541202,0,0.445549769508243,0
FRKSNLKPFERDIST,15,S,456,470,FRKSNLKPFERDISTEIY,C*07:02 A*11:01,"",0.32,0,-,-,-,-,selected-bcell-cd8-15mer.csv,1,0.356817837953837,0,0.161655323231532,0,0.507938514723749,0,0.283912446457259,0
KSNLKPFERDISTEI,15,S,458,472,FRKSNLKPFERDISTEIY,B*07:02 A*11:01,"",0.29,0,-,-,-,-,selected-bcell-15mer.csv,1,0.341303061360573,0,0.167682062780934,0,0.360958014339126,0,0.186741978709395,0
LKPFERDISTEIYQA,15,S,461,475,FRKSNLKPFERDISTEIY,B*07:02,DRB1*04:01,0.2,0.12,-,-,-,-,selected-bcell-cd8-15mer.csv,1,0.2601763831,0.1739189679,0.1407266191,0.0452169630999999,0.0519472576000001,0.0180180975000001,0.1060864791,0.0288094599000001
ISTEIYQAGSTPCNG,15,S,468,482,FRKSNLKPFERDISTEIY,"",DQA1*05:05/DQB1*03:01,0,0.21,-,+,-,-,selected-bcell-cd4-h2b-15mer.csv;selected-bcell-cd4-15mer.csv,2,0,0,0,0,0,0,0,0
ADTTDAVRDPQTLEI,15,S,570,584,QTLE,"","",0,0,-,-,-,-,selected-bcell-cd4-cd8-15mer.csv;selected-bcell-cd4-15mer.csv;selected-bcell-15mer.csv,3,0,0,0,0,0,0,0,0
PQTLEILDITPCSFG,15,S,579,593,QTLE,C*05:01,"",0.13,0,-,-,-,-,selected-bcell-cd8-15mer.csv,1,0.1743733504,0,0.0692767323999999,0,0.0168682591,0,0.0908758896,0
GFNFSQILPDPSKPS,15,S,799,813,PSKP,"",DRB1*01:01 DRB1*04:01,0,0.23,-,+,-,-,selected-bcell-cd4-h2b-15mer.csv;selected-bcell-cd4-15mer.csv,2,0,0.318160629878339,0,0.0942016484168183,0,0.0711507766759976,0,0.102655765350172
FNFSQILPDPSKPSK,15,S,800,814,PSKP,A*03:01,DRB1*04:01,0.21,0.12,-,-,-,-,selected-bcell-cd4-cd8-15mer.csv;selected-bcell-cd8-15mer.csv;selected-bcell-15mer.csv,3,0.2663563591,0.1739189679,0.1560270576,0.0452169630999999,0.0512655591000001,0.0180180975000001,0.1518879351,0.0288094599000001
LLQFAYANRNRFLYIIKLIFL,21,M,34,54,"",B*08:01 C*07:02 B*35:01 C*03:04 C*06:02 C*07:01 A*02:01 A*24:02 A*01:01,DRB1*13:01 DRB1*03:01 DRB1*11:01,0.89,0.36,+,+,+,+,selected-tcell-cd4-cd8-h2b-h2d-21mer.csv;selected-tcell-cd4-cd8-h2d-21mer.csv;selected-tcell-cd4-cd8-h2b-21mer.csv;selected-tcell-cd4-h2b-h2d-21mer.csv;selected-tcell-cd4-h2d-21mer.csv;selected-tcell-cd4-21mer.csv;selected-tcell-cd8-h2b-h2d-21mer.csv;selected-tcell-cd8-h2b-21mer.csv;selected-tcell-cd8-h2d-21mer.csv;selected-tcell-cd8-21mer.csv,10,0.932956759429232,0.407128630784743,0.734105994535392,0.35797365604944,0.783367854125871,0.231751277949666,0.831261619701218,0.276708322267044
FVLAAVYRINWITGGIAIAMA,21,M,65,85,"",A*02:01,DRB1*01:01 DRB1*07:01 DRB1*13:01 DRB1*15:01 DQA1*05:05/DQB1*03:01 DQA1*01:02/DQB1*06:02 DQA1*03:03/DQB1*03:01,0.42,0.76,+,+,-,+,selected-tcell-cd4-cd8-h2b-21mer.csv;selected-tcell-cd4-cd8-21mer.csv;selected-tcell-cd4-h2b-21mer.csv,3,0.5044403184,0.605384109105527,0.2336398236,0.350805309762619,0.1802146236,0.355873911190959,0.3504123591,0.407868350408666
LSYFIASFRLFARTRSMWSFN,21,M,93,113,"",C*06:02 C*07:02 B*07:02 B*08:01 C*03:04 C*07:01 A*24:02,DRB1*07:01 DRB1*11:01 DRB1*13:01 DRB1*04:01,0.78,0.46,+,+,+,+,selected-tcell-cd4-cd8-h2b-h2d-21mer.csv,1,0.835856524901749,0.51976547343213,0.624227408822126,0.42213204677205,0.696548576781695,0.290011870432408,0.695813999699389,0.344137357838198
LSPRWYFYYLGTGPEAGLPYG,21,N,104,124,"",A*01:01 B*07:02 B*08:01,DRB1*04:01 DRB1*01:01,0.49,0.23,+,+,+,-,selected-tcell-cd8-21mer.csv,1,0.611710132402258,0.318160629878339,0.278990062109337,0.0942016484168183,0.173661731875366,0.0711507766759976,0.289632022037119,0.102655765350172
GTRNPANNAAIVLQLPQGTTL,21,N,147,167,"",B*07:02,DQA1*01:02/DQB1*06:02 DRB1*01:01 DRB1*13:01 DQA1*05:05/DQB1*03:01,0.2,0.55,-,+,-,+,selected-tcell-cd4-h2b-h2d-21mer.csv,1,0.2601763831,0.275069821521404,0.1407266191,0.153705419701271,0.0519472576000001,0.0985224103527275,0.1060864791,0.152055323549345
IAQFAPSASAFFGMSRIGMEV,21,N,304,324,"",A*11:01 A*02:01 A*24:02 C*03:04,DRB1*11:01 DRB1*07:01 DQA1*05:05/DQB1*03:01 DRB1*13:01,0.63,0.51,+,+,+,+,selected-tcell-cd4-cd8-h2b-h2d-21mer.csv;selected-tcell-cd4-cd8-h2d-21mer.csv,2,0.690064317630341,0.418659298656145,0.363719108311416,0.394765165598063,0.689725519384463,0.276984506781588,0.606899673926381,0.324681805390865
SASAFFGMSRIGMEVTPSGTW,21,N,310,330,"",A*11:01 B*44:02 B*44:03 A*02:01 C*03:04,DRB1*11:01 DRB1*13:01 DQA1*05:05/DQB1*03:01,0.65,0.37,+,-,+,-,selected-tcell-cd8-h2b-h2d-21mer.csv;selected-tcell-cd8-h2b-21mer.csv;selected-tcell-cd8-h2d-21mer.csv,3,0.722054232454972,0.218221469029649,0.429219484902257,0.25658447277365,0.580903978875094,0.142030788909144,0.578413200412323,0.157779575534357
IGMEVTPSGTWLTYTGAIKLD,21,N,320,340,"",A*01:01 B*35:01 B*44:02 B*44:03 C*03:04,DRB1*01:01 DRB1*07:01 DRB1*13:01 DRB1*15:01,0.54,0.52,+,+,-,-,selected-tcell-cd4-cd8-h2b-21mer.csv,1,0.615877058628573,0.605384109105527,0.389957361764701,0.350805309762619,0.37384402122952,0.355873911190959,0.455436150076551,0.407868350408666
GTWLTYTGAIKLDDKDPNFKD,21,N,328,348,"",C*05:01 C*03:04,DRB1*01:01 DRB1*07:01 DRB1*13:01 DRB1*15:01 DRB1*03:01,0.26,0.62,+,+,-,-,selected-tcell-cd4-cd8-21mer.csv;selected-tcell-cd4-h2b-21mer.csv,2,0.30445196634519,0.70073818315487,0.165847750302468,0.439344379797548,0.174232660766179,0.423232164779369,0.213326499327457,0.491482417392776
KQQTVTLLPAADLDDFSKQLQ,21,N,388,408,"",B*35:01,DQA1*01:02/DQB1*06:02 DRB1*01:01 DQA1*05:01/DQB1*02:01,0.11,0.52,-,-,-,+,selected-tcell-cd4-h2d-21mer.csv;selected-tcell-cd4-21mer.csv,2,0.1109961631,0.1746095799,0.1256627964,0.0513045199,0.0836341471000001,0.0541075951,0.1230239391,0.0760368870999999
LPFNDGVYFASTEKSNIIRGW,21,S,84,104,"",A*03:01 A*11:01 B*35:01 C*03:04 B*44:02 B*44:03,DRB1*04:01 DRB1*07:01 DRB1*01:01,0.58,0.41,-,+,-,-,selected-tcell-cd8-21mer.csv,1,0.63419225792852,0.492975360760564,0.450403836946443,0.262564884315261,0.555545881654558,0.217253520702359,0.517285626746777,0.280481841946403
PLVDLPIGINITRFQTLLALH,21,S,225,245,"",B*08:01 B*35:01 C*06:02 C*07:01 C*07:02,DRB1*13:01 DRB1*01:01 DRB1*04:01 DRB1*07:01 DRB1*11:01 DRB1*15:01,0.65,0.62,+,-,+,+,selected-tcell-cd4-cd8-h2d-21mer.csv;selected-tcell-cd4-cd8-21mer.csv,2,0.719210470715239,0.709835549079203,0.553918057397208,0.483445019696123,0.47763198029122,0.430579786044719,0.551359316913766,0.472241054963518
GAAAYYVGYLQPRTFLLKYNE,21,S,261,281,"",C*03:04 C*07:02 A*24:02 B*08:01 A*02:01 C*05:01 C*07:01 A*03:01 A*11:01,DRB1*07:01 DRB1*15:01,0.88,0.38,+,+,+,-,selected-tcell-cd8-h2b-h2d-21mer.csv;selected-tcell-cd8-h2b-21mer.csv;selected-tcell-cd8-h2d-21mer.csv,3,0.927920342431389,0.455649795511825,0.693049770666066,0.232897497691377,0.811220803031377,0.285477424834185,0.824971632585246,0.301685987262881
LTDEMIAQYTSALLAGTITSG,21,S,865,885,"",C*03:04 A*01:01 B*35:01,DQA1*01:02/DQB1*06:02 DQA1*03:03/DQB1*03:01 DQA1*05:05/DQB1*03:01 DRB1*01:01 DRB1*07:01 DRB1*15:01,0.42,0.73,+,+,+,+,selected-tcell-cd4-cd8-h2b-h2d-21mer.csv;selected-tcell-cd4-cd8-h2d-21mer.csv,2,0.486303005881099,0.550698556035984,0.288939374560809,0.272253323286409,0.306554971778782,0.324138523021066,0.33945295821968,0.354783611009722
LSSNFGAISSVLNDILSRLDK,21,S,966,986,"",A*11:01 A*02:01 A*03:01,DRB1*01:01 DQA1*05:05/DQB1*03:01 DRB1*04:01 DRB1*07:01 DRB1*03:01,0.59,0.62,+,+,-,+,selected-tcell-cd4-cd8-h2b-21mer.csv,1,0.676303072708867,0.615491625590373,0.373502491506534,0.363138441578881,0.475746030645585,0.299107736459169,0.498785249037402,0.382083976379343
VTQQLIRAAEIRASANLAATK,21,S,1008,1028,"",A*11:01 B*44:02 B*44:03,DRB1*01:01 DQA1*01:02/DQB1*06:02 DQA1*03:03/DQB1*03:01 DQA1*05:05/DQB1*03:01 DRB1*04:01 DRB1*07:01 DRB1*11:01 DRB1*13:01 DRB1*15:01,0.3,0.81,-,+,-,+,selected-tcell-cd4-h2b-h2d-21mer.csv;selected-tcell-cd4-h2d-21mer.csv;selected-tcell-cd4-h2b-21mer.csv;selected-tcell-cd4-21mer.csv,4,0.334235436397153,0.709835549079203,0.168980038055111,0.483445019696123,0.39135033571028,0.430579786044719,0.249971259977353,0.472241054963518
NYNYLYRLFRKSNLKPFERDI,21,S,448,468,FRKSNLKPFERDISTEIY,C*07:02 A*11:01 A*24:02 B*08:01 A*03:01 C*06:02 C*07:01,DRB1*13:01 DRB1*11:01 DRB1*07:01,0.77,0.38,+,-,+,-,selected-bcell-cd4-cd8-21mer.csv;selected-bcell-cd4-21mer.csv;selected-bcell-cd8-h2b-h2d-21mer.csv;selected-bcell-cd8-h2d-21mer.csv,4,0.827973790544341,0.418659298656145,0.60110792632008,0.394765165598063,0.756301836487308,0.276984506781588,0.696570038981356,0.324681805390865
YRLFRKSNLKPFERDISTEIY,21,S,453,473,FRKSNLKPFERDISTEIY,C*07:02 B*07:02 A*11:01 B*08:01 A*03:01 C*06:02 C*07:01,DRB1*07:01,0.78,0.23,+,-,-,-,selected-bcell-cd4-cd8-21mer.csv;selected-bcell-cd4-21mer.csv;selected-bcell-cd8-h2b-21mer.csv;selected-bcell-cd8-21mer.csv;selected-bcell-21mer.csv,5,0.847367128069664,0.2563869711,0.641611997465891,0.1858727559,0.654393626740906,0.1572943599,0.647148058349365,0.1981692975
KPFERDISTEIYQAGSTPCNG,21,S,462,482,FRKSNLKPFERDISTEIY,B*07:02,DQA1*05:05/DQB1*03:01,0.2,0.21,-,+,-,-,selected-bcell-cd4-h2b-21mer.csv,1,0.2601763831,0,0.1407266191,0,0.0519472576000001,0,0.1060864791,0
QFGRDIADTTDAVRDPQTLEI,21,S,564,584,QTLE,"","",0,0,-,-,-,-,selected-bcell-21mer.csv,1,0,0,0,0,0,0,0,0
PQTLEILDITPCSFGGVSVIT,21,S,579,599,QTLE,C*05:01,"",0.13,0,-,-,-,-,selected-bcell-cd8-21mer.csv,1,0.1743733504,0,0.0692767323999999,0,0.0168682591,0,0.0908758896,0
QTLEILDITPCSFGGVSVITP,21,S,580,600,QTLE,C*05:01,DQA1*05:05/DQB1*03:01,0.13,0.21,-,-,-,-,selected-bcell-cd4-cd8-21mer.csv;selected-bcell-cd4-21mer.csv,2,0.1743733504,0,0.0692767323999999,0,0.0168682591,0,0.0908758896,0
GFNFSQILPDPSKPSKRSFIE,21,S,799,819,PSKP,A*03:01,DRB1*04:01 DRB1*01:01,0.21,0.23,-,+,-,-,selected-bcell-cd4-cd8-21mer.csv;selected-bcell-cd4-h2b-21mer.csv;selected-bcell-cd4-21mer.csv;selected-bcell-21mer.csv,4,0.2663563591,0.318160629878339,0.1560270576,0.0942016484168183,0.0512655591000001,0.0711507766759976,0.1518879351,0.102655765350172
PSKPSKRSFIEDLLFNKVTLA,21,S,809,829,PSKP,A*02:01 A*11:01 B*08:01 A*03:01,"",0.66,0,+,-,-,-,selected-bcell-cd8-h2b-21mer.csv;selected-bcell-cd8-21mer.csv,2,0.752311137217358,0,0.420669594141942,0,0.492810870564472,0,0.542419987589775,0
LLQFAYANRNRFLYIIKLIFLWLLWPV,27,M,34,60,"",B*08:01 C*07:02 B*35:01 C*03:04 C*06:02 C*07:01 A*02:01 A*24:02 A*01:01,DRB1*13:01 DRB1*03:01 DRB1*11:01,0.89,0.36,+,+,+,+,selected-tcell-cd4-cd8-h2b-h2d-27mer.csv;selected-tcell-cd4-cd8-h2d-27mer.csv;selected-tcell-cd4-cd8-h2b-27mer.csv;selected-tcell-cd4-cd8-27mer.csv;selected-tcell-cd4-h2b-h2d-27mer.csv;selected-tcell-cd4-h2d-27mer.csv;selected-tcell-cd4-27mer.csv;selected-tcell-cd8-h2b-h2d-27mer.csv;selected-tcell-cd8-h2b-27mer.csv;selected-tcell-cd8-h2d-27mer.csv;selected-tcell-cd8-27mer.csv,11,0.932956759429232,0.407128630784743,0.734105994535392,0.35797365604944,0.783367854125871,0.231751277949666,0.831261619701218,0.276708322267044
PVTLACFVLAAVYRINWITGGIAIAMA,27,M,59,85,"",A*02:01,DRB1*01:01 DRB1*07:01 DRB1*13:01 DRB1*15:01 DQA1*05:05/DQB1*03:01 DQA1*01:02/DQB1*06:02 DQA1*03:03/DQB1*03:01,0.42,0.76,+,+,-,+,selected-tcell-cd4-h2b-27mer.csv,1,0.5044403184,0.605384109105527,0.2336398236,0.350805309762619,0.1802146236,0.355873911190959,0.3504123591,0.407868350408666
YFIASFRLFARTRSMWSFNPETNILLN,27,M,95,121,"",C*06:02 C*07:02 B*07:02 B*08:01 C*03:04 C*07:01 A*24:02,DRB1*07:01 DRB1*11:01 DRB1*13:01 DRB1*04:01 DRB1*01:01,0.78,0.53,+,+,+,+,selected-tcell-cd4-cd8-h2b-h2d-27mer.csv,1,0.835856524901749,0.603619022369621,0.624227408822126,0.451779284678006,0.696548576781695,0.328427620672858,0.695813999699389,0.394007111513362
KDLSPRWYFYYLGTGPEAGLPYGANKD,27,N,102,128,"",A*01:01 B*07:02 B*08:01,DQA1*05:05/DQB1*03:01 DRB1*04:01 DRB1*01:01,0.49,0.39,+,+,+,-,selected-tcell-cd8-h2b-27mer.csv;selected-tcell-cd8-h2d-27mer.csv;selected-tcell-cd8-27mer.csv,3,0.611710132402258,0.318160629878339,0.278990062109337,0.0942016484168183,0.173661731875366,0.0711507766759976,0.289632022037119,0.102655765350172
WPQIAQFAPSASAFFGMSRIGMEVTPS,27,N,301,327,"",A*11:01 A*02:01 A*24:02 C*03:04,DRB1*11:01 DRB1*07:01 DRB1*13:01 DQA1*05:05/DQB1*03:01 DRB1*15:01,0.63,0.61,+,+,+,+,selected-tcell-cd4-cd8-h2b-h2d-27mer.csv;selected-tcell-cd4-cd8-h2d-27mer.csv;selected-tcell-cd4-h2b-h2d-27mer.csv,3,0.690064317630341,0.574438696801824,0.363719108311416,0.429724088809583,0.689725519384463,0.386961629878378,0.606899673926381,0.411865675782237
AQFAPSASAFFGMSRIGMEVTPSGTWL,27,N,305,331,"",A*11:01 B*44:02 B*44:03 A*02:01 A*24:02 C*03:04,DRB1*04:01 DRB1*11:01 DRB1*07:01 DRB1*13:01 DQA1*05:05/DQB1*03:01,0.71,0.57,+,+,+,-,selected-tcell-cd4-cd8-h2b-27mer.csv;selected-tcell-cd4-cd8-27mer.csv,2,0.768241964989506,0.51976547343213,0.454113390704676,0.42213204677205,0.719833277057766,0.290011870432408,0.675922813315684,0.344137357838198
SASAFFGMSRIGMEVTPSGTWLTYTGA,27,N,310,336,"",A*11:01 A*01:01 B*35:01 B*44:02 B*44:03 A*02:01 C*03:04,DRB1*04:01 DRB1*11:01 DRB1*13:01 DQA1*05:05/DQB1*03:01,0.76,0.45,+,-,+,-,selected-tcell-cd8-h2b-h2d-27mer.csv,1,0.830517966909072,0.35418758426239,0.547153500155629,0.290199465236211,0.653997216550903,0.157489761806577,0.678175272209106,0.182043491079961
VTPSGTWLTYTGAIKLDDKDPNFKDQV,27,N,324,350,"",A*01:01 B*35:01 C*05:01 C*03:04,DRB1*01:01 DRB1*07:01 DRB1*13:01 DRB1*15:01 DRB1*03:01,0.5,0.62,+,+,-,-,selected-tcell-cd4-h2b-27mer.csv,1,0.575878071836021,0.70073818315487,0.338199331229537,0.439344379797548,0.318252182186424,0.423232164779369,0.399480758264115,0.491482417392776
PQRQKKQQTVTLLPAADLDDFSKQLQQ,27,N,383,409,"",B*35:01,DQA1*01:02/DQB1*06:02 DRB1*01:01 DQA1*05:01/DQB1*02:01,0.11,0.52,-,-,-,+,selected-tcell-cd4-cd8-27mer.csv;selected-tcell-cd4-h2d-27mer.csv;selected-tcell-cd4-27mer.csv,3,0.1109961631,0.1746095799,0.1256627964,0.0513045199,0.0836341471000001,0.0541075951,0.1230239391,0.0760368870999999
YPDKVFRSSVLHSTQDLFLPFFSNVTW,27,S,38,64,"",B*35:01 A*03:01 B*07:02,DRB1*04:01 DRB1*07:01 DRB1*13:01 DRB1*15:01,0.44,0.52,-,+,+,+,selected-tcell-cd4-cd8-h2d-27mer.csv,1,0.517478150535211,0.605053930243493,0.365927614104553,0.346639579416078,0.175774469233354,0.331297979704725,0.335130384681486,0.377602148237327
GAAAYYVGYLQPRTFLLKYNENGTITD,27,S,261,287,"",C*03:04 C*07:02 A*24:02 B*08:01 A*02:01 C*05:01 C*07:01 A*03:01 A*11:01,DRB1*07:01 DRB1*15:01,0.88,0.38,+,+,+,-,selected-tcell-cd8-h2b-h2d-27mer.csv,1,0.927920342431389,0.455649795511825,0.693049770666066,0.232897497691377,0.811220803031377,0.285477424834185,0.824971632585246,0.301685987262881
SETKCTLKSFTVEKGIYQTSNFRVQPT,27,S,297,323,"",A*03:01 A*11:01 A*24:02 B*44:02 B*44:03,DRB1*01:01 DRB1*07:01 DRB1*13:01 DRB1*15:01,0.54,0.52,-,-,+,-,selected-tcell-cd8-h2d-27mer.csv,1,0.592731737556694,0.605384109105527,0.329230539120185,0.350805309762619,0.613975324989193,0.355873911190959,0.511018303953982,0.407868350408666
GLTVLPPLLTDEMIAQYTSALLAGTIT,27,S,857,883,"",A*02:01 C*03:04 A*01:01 B*35:01,DQA1*05:05/DQB1*03:01 DRB1*01:01 DRB1*07:01 DRB1*15:01 DQA1*01:02/DQB1*06:02 DQA1*03:03/DQB1*03:01,0.66,0.73,+,+,+,+,selected-tcell-cd4-cd8-h2b-h2d-27mer.csv;selected-tcell-cd4-cd8-h2d-27mer.csv;selected-tcell-cd4-cd8-h2b-27mer.csv;selected-tcell-cd4-cd8-27mer.csv,4,0.74543248115556,0.550698556035984,0.455071453657328,0.272253323286409,0.43152390652696,0.324138523021066,0.570916805426448,0.354783611009722
SVLNDILSRLDKVEAEVQIDRLITGRL,27,S,975,1001,"",B*44:02 B*44:03 A*02:01 C*05:01 A*11:01 A*03:01,DRB1*13:01 DRB1*03:01,0.72,0.28,+,-,-,-,selected-tcell-cd8-h2b-27mer.csv;selected-tcell-cd8-27mer.csv,2,0.800158582831423,0.333939783934685,0.499742648542764,0.229600576488649,0.534602615648371,0.146618271840624,0.624342489915343,0.211865055996142
RLQSLQTYVTQQLIRAAEIRASANLAA,27,S,1000,1026,"",A*02:01 B*44:02 B*44:03,DRB1*01:01 DRB1*13:01 DRB1*15:01 DRB1*04:01 DRB1*11:01 DQA1*01:02/DQB1*06:02 DQA1*03:03/DQB1*03:01 DQA1*05:05/DQB1*03:01 DRB1*07:01,0.54,0.81,-,+,+,+,selected-tcell-cd4-h2b-h2d-27mer.csv;selected-tcell-cd4-h2d-27mer.csv;selected-tcell-cd4-h2b-27mer.csv;selected-tcell-cd4-27mer.csv,4,0.629439446404042,0.709835549079203,0.342514031682231,0.483445019696123,0.259763220080778,0.430579786044719,0.46447122730611,0.472241054963518
GNYNYLYRLFRKSNLKPFERDISTEIY,27,S,447,473,FRKSNLKPFERDISTEIY,C*07:02 A*24:02 B*07:02 A*11:01 B*08:01 A*03:01 C*06:02 C*07:01,DRB1*11:01 DRB1*13:01 DRB1*07:01,0.82,0.38,+,-,+,-,selected-bcell-cd8-h2b-h2d-27mer.csv;selected-bcell-cd8-h2d-27mer.csv;selected-bcell-cd8-h2b-27mer.csv;selected-bcell-cd8-27mer.csv,4,0.872730947518917,0.418659298656145,0.657242659234843,0.394765165598063,0.768961287763949,0.276984506781588,0.728759855199274,0.324681805390865
YLYRLFRKSNLKPFERDISTEIYQAGS,27,S,451,477,FRKSNLKPFERDISTEIY,C*07:02 B*07:02 A*11:01 B*08:01 A*03:01 C*06:02 C*07:01,DRB1*04:01 DRB1*13:01 DRB1*11:01 DRB1*07:01,0.78,0.46,+,-,-,-,selected-bcell-cd4-cd8-27mer.csv;selected-bcell-cd4-27mer.csv;selected-bcell-27mer.csv,3,0.847367128069664,0.51976547343213,0.641611997465891,0.42213204677205,0.654393626740906,0.290011870432408,0.647148058349365,0.344137357838198
FRKSNLKPFERDISTEIYQAGSTPCNG,27,S,456,482,FRKSNLKPFERDISTEIY,C*07:02 B*07:02 A*11:01,DQA1*05:05/DQB1*03:01 DRB1*04:01,0.46,0.3,-,+,-,-,selected-bcell-cd4-h2b-27mer.csv,1,0.524158646549446,0.1739189679,0.279632735233641,0.0452169630999999,0.533499759454433,0.0180180975000001,0.359879653739942,0.0288094599000001
KFLPFQQFGRDIADTTDAVRDPQTLEI,27,S,558,584,QTLE,"","",0,0,-,-,-,-,selected-bcell-27mer.csv,1,0,0,0,0,0,0,0,0
PQTLEILDITPCSFGGVSVITPGTNTS,27,S,579,605,QTLE,C*05:01,DQA1*05:05/DQB1*03:01,0.13,0.21,-,-,-,-,selected-bcell-cd4-cd8-27mer.csv;selected-bcell-cd4-27mer.csv;selected-bcell-cd8-27mer.csv,3,0.1743733504,0,0.0692767323999999,0,0.0168682591,0,0.0908758896,0
IYKTPPIKDFGGFNFSQILPDPSKPSK,27,S,788,814,PSKP,A*03:01 A*24:02,DRB1*04:01 DRB1*01:01,0.35,0.23,-,+,-,-,selected-bcell-cd4-h2b-27mer.csv;selected-bcell-27mer.csv,2,0.388269840858853,0.318160629878339,0.192835922605313,0.0942016484168183,0.365768688197194,0.0711507766759976,0.348049388039113,0.102655765350172
PSKPSKRSFIEDLLFNKVTLADAGFIK,27,S,809,835,PSKP,A*02:01 A*11:01 B*08:01 A*03:01,DRB1*13:01 DRB1*01:01 DRB1*07:01,0.66,0.4,+,-,-,+,selected-bcell-cd4-cd8-27mer.csv;selected-bcell-cd4-h2d-27mer.csv;selected-bcell-cd4-27mer.csv;selected-bcell-cd8-h2b-27mer.csv;selected-bcell-cd8-27mer.csv,5,0.752311137217358,0.460932474240514,0.420669594141942,0.31100852564463,0.492810870564472,0.24031975078049,0.542419987589775,0.320091924400436
