resiNum,resiName,ASA,relative_solvent_accessibility
27,ALA,79.02,0.6125581395348837
28,TYR,141.20000000000002,0.5368821292775666
29,THR,13.62,0.0791860465116279
30,ASN,56.73333333333333,0.2909401709401709
31,SER,0.5033333333333333,0.003247311827956989
32,PHE,38.39,0.15995833333333334
33,THR,32.79999999999999,0.1906976744186046
34,ARG,15.38,0.05613138686131387
35,GLY,0.049999999999999996,0.00048076923076923074
36,VAL,0.35333333333333333,0.0020306513409961684
37,TYR,0.0,0.0
38,TYR,48.18666666666667,0.1832192648922687
39,PRO,26.473333333333333,0.16649895178197063
40,ASP,57.406666666666666,0.29744386873920553
41,LYS,173.13,0.7336016949152542
42,VAL,89.28333333333335,0.5131226053639848
43,PHE,149.88,0.6244999999999999
44,ARG,48.52333333333333,0.17709245742092458
45,SER,42.64666666666667,0.2751397849462366
46,SER,80.80666666666666,0.5213333333333333
47,VAL,60.126666666666665,0.34555555555555556
48,LEU,58.623333333333335,0.2916583747927032
49,HIS,54.54333333333333,0.2434970238095238
50,SER,48.64333333333334,0.3138279569892473
51,THR,21.790000000000003,0.12668604651162793
52,GLN,123.7,0.5497777777777778
53,ASP,28.973333333333333,0.1501208981001727
54,LEU,31.906666666666666,0.1587396351575456
55,PHE,0.0,0.0
56,LEU,1.17,0.0058208955223880594
57,PRO,7.036666666666666,0.044255765199161426
58,PHE,13.273333333333333,0.05530555555555556
59,PHE,95.32333333333332,0.39718055555555554
60,SER,30.47666666666667,0.1966236559139785
61,ASN,115.09666666666665,0.5902393162393161
62,VAL,0.4466666666666667,0.002567049808429119
63,THR,40.2,0.23372093023255816
64,TRP,48.423333333333325,0.16990643274853798
65,PHE,13.49,0.05620833333333333
66,HIS,68.57333333333332,0.30613095238095234
67,ALA,32.49333333333333,0.2518863049095607
68,ILE,121.92333333333333,0.6189001692047377
69,HIS,232.37,1.0373660714285715
80,ASP,85.90666666666668,0.44511226252158903
81,ASN,23.423333333333332,0.12011965811965811
82,PRO,50.14666666666667,0.31538784067085956
83,VAL,68.00999999999999,0.3908620689655172
84,LEU,24.049999999999997,0.11965174129353233
85,PRO,70.53,0.4435849056603774
86,PHE,3.5933333333333333,0.014972222222222222
87,ASN,89.36333333333334,0.45827350427350433
88,ASP,98.85000000000001,0.5121761658031089
89,GLY,0.0,0.0
90,VAL,0.44333333333333336,0.0025478927203065136
91,TYR,0.5233333333333333,0.0019898605830164767
92,PHE,0.26,0.0010833333333333333
93,ALA,0.0,0.0
94,SER,0.45,0.002903225806451613
95,THR,1.2366666666666666,0.007189922480620154
96,GLU,4.996666666666667,0.022406576980568013
97,LYS,143.3033333333333,0.6072175141242937
98,SER,58.75666666666666,0.37907526881720427
99,ASN,50.546666666666674,0.2592136752136753
100,ILE,24.55333333333333,0.12463620981387477
101,ILE,1.19,0.006040609137055837
102,ARG,47.870000000000005,0.1747080291970803
103,GLY,0.0,0.0
104,TRP,15.193333333333333,0.053309941520467835
105,ILE,0.05666666666666667,0.0002876480541455161
106,PHE,0.09999999999999999,0.00041666666666666664
107,GLY,0.05666666666666667,0.000544871794871795
108,THR,28.096666666666664,0.16335271317829456
109,THR,72.25,0.42005813953488375
110,LEU,17.033333333333335,0.08474295190713102
111,ASP,42.24333333333333,0.21887737478411054
112,SER,38.953333333333326,0.2513118279569892
113,LYS,164.22333333333333,0.695861581920904
114,THR,32.050000000000004,0.1863372093023256
115,GLN,65.86333333333333,0.2927259259259259
116,SER,1.17,0.007548387096774193
117,LEU,0.0,0.0
118,LEU,22.903333333333336,0.11394693200663351
119,ILE,14.69,0.07456852791878173
120,VAL,27.66333333333333,0.1589846743295019
121,ASN,40.13333333333333,0.2058119658119658
122,ASN,71.62666666666667,0.3673162393162393
123,ALA,87.28333333333335,0.6766149870801035
124,THR,118.66333333333334,0.6899031007751938
125,ASN,63.11333333333334,0.3236581196581197
126,VAL,50.553333333333335,0.29053639846743295
127,VAL,26.426666666666666,0.15187739463601532
128,ILE,10.146666666666667,0.051505922165820645
129,LYS,57.93333333333333,0.24548022598870056
130,VAL,0.05666666666666667,0.0003256704980842912
131,CYS,16.19333333333333,0.09696606786427145
132,GLU,50.16,0.22493273542600895
133,PHE,43.95333333333334,0.1831388888888889
134,GLN,134.9333333333333,0.5997037037037036
135,PHE,26.45,0.11020833333333332
136,CYS,87.29666666666667,0.5227345309381237
137,ASN,166.95666666666668,0.8561880341880342
138,ASP,80.10000000000001,0.41502590673575135
139,PRO,7.383333333333333,0.04643605870020964
140,PHE,112.59000000000002,0.46912500000000007
141,LEU,64.74,0.3220895522388059
142,GLY,45.21,0.4347115384615385
143,VAL,109.21,0.6276436781609195
165,ASN,146.86666666666667,0.7531623931623932
166,CYS,81.20666666666666,0.48626746506986024
167,THR,105.38999999999999,0.6127325581395348
168,PHE,67.22666666666667,0.28011111111111114
169,GLU,111.2,0.4986547085201794
170,TYR,98.45,0.37433460076045627
171,VAL,79.36666666666666,0.4561302681992337
172,SER,72.89,0.47025806451612906
186,PHE,29.843333333333334,0.12434722222222222
187,LYS,126.39666666666666,0.5355790960451977
188,ASN,73.82000000000001,0.3785641025641026
189,LEU,0.29666666666666663,0.0014759535655058042
190,ARG,29.596666666666664,0.1080170316301703
191,GLU,1.89,0.008475336322869955
192,PHE,19.789999999999996,0.08245833333333331
193,VAL,0.0,0.0
194,PHE,2.56,0.010666666666666666
195,LYS,3.7166666666666663,0.015748587570621468
196,ASN,42.01666666666666,0.21547008547008542
197,ILE,67.09333333333332,0.34057529610829096
198,ASP,132.85999999999999,0.6883937823834196
199,GLY,25.01,0.24048076923076925
200,TYR,99.31,0.3776045627376426
201,PHE,0.0,0.0
202,LYS,49.32333333333333,0.2089971751412429
203,ILE,14.339999999999998,0.07279187817258882
204,TYR,12.683333333333332,0.04822560202788339
205,SER,3.8499999999999996,0.024838709677419354
206,LYS,68.39999999999999,0.28983050847457625
207,HIS,114.23333333333333,0.5099702380952381
208,THR,35.026666666666664,0.20364341085271317
209,PRO,112.88333333333333,0.7099580712788259
210,ILE,14.846666666666666,0.07536379018612521
211,ASN,133.96,0.686974358974359
212,LEU,54.44,0.2708457711442786
213,VAL,100.28000000000002,0.5763218390804599
214,ARG,169.51,0.6186496350364963
215,ASP,28.623333333333335,0.14830742659758206
216,LEU,6.176666666666667,0.030729684908789388
217,PRO,19.843333333333334,0.12480083857442348
218,GLN,129.41,0.5751555555555555
219,GLY,29.123333333333335,0.2800320512820513
220,PHE,51.903333333333336,0.2162638888888889
221,SER,25.26,0.16296774193548388
222,ALA,11.693333333333333,0.09064599483204135
223,LEU,0.0,0.0
224,GLU,68.36666666666666,0.3065769805680119
225,PRO,41.5,0.2610062893081761
226,LEU,115.50666666666666,0.5746600331674958
227,VAL,50.69,0.2913218390804598
228,ASP,64.24,0.33284974093264247
229,LEU,9.753333333333332,0.04852404643449419
230,PRO,93.44,0.5876729559748427
231,ILE,22.453333333333333,0.11397631133671743
232,GLY,61.22666666666667,0.5887179487179487
233,ILE,15.270000000000001,0.07751269035532996
234,ASN,111.46666666666665,0.5716239316239315
235,ILE,14.336666666666666,0.07277495769881556
236,THR,56.11333333333334,0.3262403100775194
237,ARG,117.89,0.43025547445255474
238,PHE,1.3033333333333335,0.005430555555555556
239,GLN,15.829999999999998,0.07035555555555555
240,THR,0.67,0.0038953488372093026
241,LEU,17.48,0.08696517412935324
242,LEU,6.97,0.034676616915422884
243,ALA,1.88,0.014573643410852712
244,LEU,82.81,0.4119900497512438
245,HIS,186.82666666666668,0.8340476190476191
263,ALA,7.353333333333333,0.05700258397932816
264,ALA,7.213333333333334,0.055917312661498714
265,TYR,0.49666666666666665,0.001888466413181242
266,TYR,1.8733333333333333,0.007122940430925222
267,VAL,2.41,0.01385057471264368
268,GLY,0.3333333333333333,0.003205128205128205
269,TYR,59.830000000000005,0.22749049429657797
270,LEU,6.34,0.03154228855721393
271,GLN,77.14999999999999,0.34288888888888885
272,PRO,84.34666666666666,0.530482180293501
273,ARG,57.72,0.21065693430656934
274,THR,47.4,0.2755813953488372
275,PHE,0.0,0.0
276,LEU,0.7266666666666667,0.003615257048092869
277,LEU,0.0,0.0
278,LYS,81.32000000000001,0.3445762711864407
279,TYR,6.34,0.024106463878326996
280,ASN,41.52666666666667,0.21295726495726497
281,GLU,137.23999999999998,0.6154260089686098
282,ASN,121.94666666666667,0.6253675213675214
283,GLY,10.176666666666668,0.09785256410256411
284,THR,58.90333333333333,0.3424612403100775
285,ILE,3.233333333333333,0.01641285956006768
286,THR,57.656666666666666,0.33521317829457364
287,ASP,59.60999999999999,0.30886010362694294
288,ALA,7.083333333333333,0.05490956072351421
289,VAL,9.660000000000002,0.055517241379310356
290,ASP,0.7999999999999999,0.004145077720207254
291,CYS,23.419999999999998,0.1402395209580838
292,ALA,63.43,0.49170542635658915
293,LEU,59.68666666666667,0.2969485903814262
294,ASP,56.39333333333334,0.2921934369602764
295,PRO,43.96666666666667,0.27651991614255766
296,LEU,15.523333333333333,0.07723051409618574
297,SER,10.803333333333335,0.0696989247311828
298,GLU,51.81999999999999,0.23237668161434974
299,THR,0.0,0.0
300,LYS,37.27333333333333,0.15793785310734462
301,CYS,15.913333333333334,0.09528942115768463
302,THR,60.06666666666666,0.3492248062015504
303,LEU,63.32666666666666,0.3150580431177446
304,LYS,95.95666666666666,0.4065960451977401
305,SER,34.01,0.21941935483870967
306,PHE,40.11666666666667,0.1671527777777778
307,THR,73.60666666666667,0.42794573643410855
308,VAL,0.6999999999999998,0.0040229885057471255
309,GLU,108.47333333333334,0.48642750373692084
310,LYS,112.71,0.4775847457627118
311,GLY,14.106666666666667,0.13564102564102565
312,ILE,55.92333333333334,0.2838747884940779
313,TYR,44.01,0.1673384030418251
314,GLN,115.82333333333332,0.5147703703703703
315,THR,23.44,0.13627906976744186
316,SER,46.44333333333333,0.2996344086021505
317,ASN,86.07666666666667,0.4414188034188034
318,PHE,38.22,0.15925
319,ARG,152.42333333333335,0.5562895377128955
320,VAL,39.556666666666665,0.22733716475095783
321,GLN,117.43666666666667,0.5219407407407407
322,PRO,45.653333333333336,0.2871278825995807
323,THR,107.06333333333333,0.6224612403100775
324,GLU,72.11666666666666,0.32339312406576975
325,SER,60.73666666666666,0.3918494623655913
326,ILE,0.82,0.00416243654822335
327,VAL,13.343333333333334,0.07668582375478927
328,ARG,23.733333333333334,0.08661800486618006
329,PHE,8.276666666666666,0.034486111111111106
330,PRO,39.406666666666666,0.2478406708595388
331,ASN,119.33999999999999,0.612
332,ILE,52.876666666666665,0.268409475465313
333,THR,119.88333333333333,0.6969961240310077
334,ASN,85.88999999999999,0.4404615384615384
335,LEU,142.12333333333333,0.7070812603648424
336,CYS,14.21,0.08508982035928145
337,PRO,45.73666666666667,0.2876519916142558
338,PHE,17.613333333333333,0.07338888888888889
339,GLY,43.71,0.42028846153846156
340,GLU,116.83333333333333,0.523916292974589
341,VAL,7.103333333333334,0.04082375478927203
342,PHE,15.24,0.0635
343,ASN,133.29999999999998,0.6835897435897434
344,ALA,27.886666666666667,0.21617571059431526
345,THR,106.77333333333333,0.6207751937984496
346,ARG,156.89999999999998,0.5726277372262772
347,PHE,8.41,0.035041666666666665
348,ALA,20.283333333333335,0.15723514211886305
349,SER,12.850000000000001,0.08290322580645162
350,VAL,3.3033333333333332,0.018984674329501915
351,TYR,59.473333333333336,0.2261343472750317
352,ALA,19.970000000000002,0.15480620155038763
353,TRP,1.0866666666666667,0.0038128654970760235
354,ASN,72.59666666666665,0.3722905982905982
355,ARG,93.28333333333335,0.3404501216545013
356,LYS,67.48666666666666,0.2859604519774011
357,ARG,137.24666666666667,0.5009002433090024
358,ILE,0.4466666666666667,0.0022673434856175976
359,SER,28.253333333333334,0.18227956989247313
360,ASN,89.45666666666666,0.4587521367521367
361,CYS,3.6799999999999997,0.022035928143712573
362,VAL,22.726666666666663,0.13061302681992334
363,ALA,0.16,0.00124031007751938
364,ASP,52.38666666666666,0.271433506044905
365,TYR,1.61,0.006121673003802282
366,SER,36.42666666666667,0.23501075268817206
367,VAL,101.07,0.5808620689655172
368,LEU,11.219999999999999,0.05582089552238805
369,TYR,93.00666666666667,0.3536375158428391
370,ASN,113.13666666666666,0.5801880341880341
371,SER,42.153333333333336,0.2719569892473118
372,ALA,104.15333333333332,0.8073901808785529
373,SER,78.06,0.5036129032258064
374,PHE,35.48,0.14783333333333332
375,SER,69.78333333333335,0.45021505376344095
376,THR,43.07,0.25040697674418605
377,PHE,39.416666666666664,0.1642361111111111
378,LYS,106.50999999999999,0.4513135593220339
379,CYS,22.396666666666665,0.13411177644710578
380,TYR,82.78333333333333,0.314765525982256
381,GLY,33.57333333333333,0.3228205128205128
382,VAL,30.81,0.17706896551724138
383,SER,61.93666666666667,0.39959139784946235
384,PRO,29.24,0.1838993710691824
385,THR,85.89666666666666,0.4993992248062015
386,LYS,129.20000000000002,0.5474576271186441
387,LEU,0.8466666666666667,0.004212271973466003
388,ASN,43.6,0.2235897435897436
389,ASP,43.27,0.22419689119170985
390,LEU,41.699999999999996,0.20746268656716416
391,CYS,9.726666666666667,0.0582435129740519
392,PHE,1.9466666666666665,0.00811111111111111
393,THR,11.953333333333333,0.06949612403100774
394,ASN,24.97666666666667,0.1280854700854701
395,VAL,0.0,0.0
396,TYR,49.49333333333333,0.18818757921419518
397,ALA,0.6266666666666666,0.004857881136950903
398,ASP,0.0,0.0
399,SER,12.46,0.08038709677419355
400,PHE,0.0,0.0
401,VAL,3.9299999999999997,0.022586206896551723
402,ILE,1.17,0.005939086294416244
403,ARG,67.37666666666667,0.24590024330900243
404,GLY,11.326666666666668,0.10891025641025642
405,ASP,88.85000000000001,0.4603626943005182
406,GLU,8.26,0.03704035874439462
407,VAL,29.146666666666665,0.1675095785440613
408,ARG,173.74333333333334,0.6340997566909976
409,GLN,23.063333333333333,0.1025037037037037
410,ILE,2.5833333333333335,0.01311336717428088
411,ALA,11.950000000000001,0.09263565891472869
412,PRO,27.203333333333333,0.1710901467505241
413,GLY,54.21666666666667,0.5213141025641026
414,GLN,60.81333333333333,0.27028148148148146
415,THR,110.05333333333334,0.6398449612403101
416,GLY,29.843333333333334,0.2869551282051282
417,LYS,122.69666666666667,0.5199011299435029
418,ILE,1.1166666666666665,0.005668358714043992
419,ALA,4.133333333333334,0.03204134366925065
420,ASP,93.59666666666668,0.48495682210708124
421,TYR,129.78,0.49346007604562736
422,ASN,9.1,0.04666666666666666
423,TYR,2.42,0.009201520912547528
424,LYS,56.096666666666664,0.23769774011299433
425,LEU,6.919999999999999,0.03442786069651741
426,PRO,25.400000000000002,0.159748427672956
427,ASP,97.0,0.5025906735751295
428,ASP,120.54333333333334,0.6245768566493956
429,PHE,12.413333333333332,0.05172222222222222
430,THR,43.43333333333334,0.25251937984496126
431,GLY,0.0,0.0
432,CYS,0.39333333333333337,0.0023552894211576847
433,VAL,4.793333333333333,0.02754789272030651
434,ILE,0.0,0.0
435,ALA,0.17,0.0013178294573643412
436,TRP,33.910000000000004,0.11898245614035088
437,ASN,60.373333333333335,0.3096068376068376
438,SER,3.0666666666666664,0.019784946236559138
439,ASN,30.863333333333333,0.15827350427350428
440,ASN,139.76666666666665,0.7167521367521367
441,LEU,98.76333333333334,0.4913598673300166
442,ASP,2.7266666666666666,0.014127806563039724
443,SER,14.159999999999998,0.09135483870967741
444,LYS,138.94,0.588728813559322
447,GLY,47.096666666666664,0.4528525641025641
448,ASN,8.186666666666667,0.04198290598290599
449,TYR,144.9466666666667,0.551128010139417
450,ASN,112.27999999999999,0.5757948717948718
451,TYR,10.786666666666667,0.041013941698352346
452,LEU,45.98333333333333,0.22877280265339964
453,TYR,39.63,0.15068441064638785
454,ARG,52.449999999999996,0.19142335766423357
462,LYS,189.4,0.802542372881356
463,PRO,63.70333333333334,0.4006498951781971
464,PHE,55.25,0.23020833333333332
465,GLU,88.21,0.3955605381165919
466,ARG,120.04,0.43810218978102194
467,ASP,62.44,0.32352331606217616
468,ILE,120.85333333333334,0.6134686971235195
489,TYR,263.27,1.0010266159695818
490,PHE,152.79333333333332,0.6366388888888889
491,PRO,81.15333333333332,0.5103983228511529
492,LEU,69.21,0.3443283582089552
493,GLN,76.85333333333334,0.3415703703703704
494,SER,57.22,0.36916129032258066
495,TYR,26.526666666666667,0.1008618504435995
496,GLY,23.036666666666665,0.22150641025641024
497,PHE,2.5033333333333334,0.010430555555555556
498,GLN,76.81666666666666,0.3414074074074074
499,PRO,66.04,0.41534591194968556
500,THR,122.73,0.713546511627907
501,ASN,58.51666666666667,0.3000854700854701
503,VAL,125.22333333333334,0.7196743295019158
504,GLY,15.516666666666667,0.14919871794871795
505,TYR,126.94999999999999,0.4826996197718631
506,GLN,24.67,0.10964444444444445
507,PRO,0.0,0.0
508,TYR,24.810000000000002,0.09433460076045629
509,ARG,5.546666666666667,0.02024330900243309
510,VAL,0.0,0.0
511,VAL,0.0,0.0
512,VAL,0.0,0.0
513,LEU,0.84,0.00417910447761194
514,SER,16.31,0.10522580645161289
515,PHE,9.073333333333332,0.03780555555555555
516,GLU,69.02333333333333,0.3095216741405082
517,LEU,59.32666666666666,0.29515754560530677
518,LEU,127.35000000000001,0.6335820895522388
519,HIS,98.39666666666666,0.43927083333333333
520,ALA,37.839999999999996,0.2933333333333333
521,PRO,55.51,0.3491194968553459
522,ALA,15.433333333333335,0.11963824289405686
523,THR,39.38333333333333,0.22897286821705426
524,VAL,0.04,0.00022988505747126436
525,CYS,5.793333333333334,0.034690618762475055
526,GLY,6.489999999999999,0.06240384615384615
527,PRO,66.11666666666666,0.41582809224318656
528,LYS,81.62666666666667,0.34587570621468927
529,LYS,183.91,0.7792796610169491
530,SER,47.26,0.3049032258064516
531,THR,56.60666666666666,0.3291085271317829
532,ASN,119.96,0.6151794871794871
533,LEU,26.296666666666667,0.13082918739635158
534,VAL,43.64666666666667,0.25084291187739466
535,LYS,67.15666666666667,0.28456214689265535
536,ASN,113.34666666666668,0.5812649572649573
537,LYS,74.52333333333334,0.31577683615819213
538,CYS,12.716666666666667,0.07614770459081836
539,VAL,0.0,0.0
540,ASN,68.05666666666667,0.34900854700854705
541,PHE,7.786666666666666,0.03244444444444444
542,ASN,11.666666666666666,0.059829059829059825
543,PHE,0.0,0.0
544,ASN,13.366666666666667,0.06854700854700856
545,GLY,17.896666666666665,0.1720833333333333
546,LEU,37.38,0.18597014925373134
547,THR,81.52333333333333,0.4739728682170542
548,GLY,27.823333333333334,0.26753205128205126
549,THR,62.29,0.36215116279069764
550,GLY,0.0,0.0
551,VAL,32.190000000000005,0.18500000000000003
552,LEU,0.0,0.0
553,THR,34.93333333333333,0.20310077519379843
554,GLU,131.34333333333333,0.58898355754858
555,SER,35.61666666666667,0.22978494623655915
556,ASN,143.93999999999997,0.738153846153846
557,LYS,77.18666666666667,0.3270621468926554
558,LYS,181.69333333333336,0.7698870056497176
559,PHE,36.14333333333334,0.15059722222222224
560,LEU,82.52333333333333,0.410563847429519
561,PRO,118.19666666666667,0.7433752620545073
562,PHE,139.26333333333332,0.5802638888888888
563,GLN,68.21333333333332,0.3031703703703703
564,GLN,8.996666666666668,0.03998518518518519
565,PHE,31.650000000000002,0.13187500000000002
566,GLY,15.943333333333333,0.15330128205128205
567,ARG,113.17333333333333,0.4130413625304136
568,ASP,75.22666666666667,0.38977547495682213
569,ILE,175.32666666666668,0.8899830795262268
570,ALA,76.87333333333333,0.5959173126614987
571,ASP,92.58333333333333,0.479706390328152
572,THR,77.78666666666668,0.45224806201550394
573,THR,32.550000000000004,0.18924418604651166
574,ASP,40.77,0.2112435233160622
575,ALA,0.2833333333333334,0.002196382428940569
576,VAL,0.0,0.0
577,ARG,21.74666666666667,0.07936739659367398
578,ASP,1.6000000000000003,0.008290155440414509
579,PRO,17.936666666666667,0.11280922431865828
580,GLN,51.553333333333335,0.22912592592592593
581,THR,68.01333333333334,0.3954263565891473
582,LEU,132.62,0.6598009950248757
583,GLU,65.68333333333334,0.2945440956651719
584,ILE,25.916666666666668,0.13155668358714045
585,LEU,0.6133333333333334,0.003051409618573798
586,ASP,27.286666666666665,0.1413816925734024
587,ILE,18.409999999999997,0.09345177664974617
588,THR,77.49333333333333,0.45054263565891467
589,PRO,87.77,0.5520125786163522
590,CYS,14.836666666666668,0.08884231536926149
591,SER,34.696666666666665,0.2238494623655914
592,PHE,130.27666666666664,0.5428194444444443
593,GLY,9.013333333333334,0.08666666666666667
594,GLY,10.916666666666666,0.1049679487179487
595,VAL,11.866666666666665,0.06819923371647509
596,SER,3.9933333333333336,0.025763440860215054
597,VAL,0.0,0.0
598,ILE,0.6133333333333333,0.00311336717428088
599,THR,0.0,0.0
600,PRO,4.206666666666666,0.02645702306079664
601,GLY,10.39,0.09990384615384616
602,THR,30.936666666666667,0.17986434108527133
603,ASN,153.15333333333334,0.7854017094017094
604,THR,89.61,0.5209883720930233
605,SER,17.29,0.11154838709677418
606,ASN,102.81333333333333,0.5272478632478632
607,GLN,78.38000000000001,0.3483555555555556
608,VAL,30.25,0.17385057471264367
609,ALA,0.17,0.0013178294573643412
610,VAL,14.589999999999998,0.08385057471264366
611,LEU,4.906666666666666,0.02441127694859038
612,TYR,42.23333333333333,0.16058301647655257
613,GLN,51.50666666666666,0.2289185185185185
614,ASP,126.96,0.6578238341968912
615,VAL,13.61,0.07821839080459769
616,ASN,88.94999999999999,0.4561538461538461
617,CYS,46.68333333333334,0.27954091816367266
618,THR,92.07666666666667,0.5353294573643411
619,GLU,96.77666666666666,0.43397608370702534
620,VAL,62.93333333333334,0.3616858237547893
641,ASN,121.18,0.6214358974358974
642,VAL,85.02333333333334,0.4886398467432951
643,PHE,30.110000000000003,0.12545833333333334
644,GLN,81.42666666666666,0.36189629629629627
645,THR,14.556666666666667,0.08463178294573644
646,ARG,227.4366666666667,0.8300608272506084
647,ALA,21.99666666666667,0.1705167958656331
648,GLY,1.6366666666666667,0.015737179487179488
649,CYS,0.5499999999999999,0.003293413173652694
650,LEU,0.0,0.0
651,ILE,59.31999999999999,0.3011167512690355
652,GLY,23.98333333333333,0.23060897435897434
653,ALA,0.73,0.00565891472868217
654,GLU,87.49333333333334,0.3923467862481316
655,HIS,100.10333333333335,0.446889880952381
656,VAL,27.543333333333333,0.15829501915708813
657,ASN,154.92666666666665,0.7944957264957264
658,ASN,92.96333333333332,0.4767350427350427
659,SER,61.36333333333334,0.3958924731182796
660,TYR,73.62333333333333,0.279936628643853
661,GLU,146.82333333333335,0.6584005979073244
662,CYS,57.06,0.3416766467065868
663,ASP,57.21,0.29642487046632127
664,ILE,5.97,0.030304568527918782
665,PRO,74.43333333333334,0.46813417190775686
666,ILE,20.083333333333332,0.10194585448392554
667,GLY,29.373333333333335,0.2824358974358975
668,ALA,71.14,0.5514728682170542
669,GLY,29.600000000000005,0.28461538461538466
670,ILE,16.14666666666667,0.08196277495769883
671,CYS,2.9233333333333333,0.01750499001996008
672,ALA,0.0,0.0
673,SER,6.446666666666666,0.041591397849462364
674,TYR,44.14333333333334,0.1678453738910013
675,GLN,67.87666666666668,0.30167407407407415
676,THR,132.07666666666668,0.7678875968992249
689,SER,139.41333333333333,0.8994408602150538
690,GLN,90.16000000000001,0.4007111111111112
691,SER,32.84,0.2118709677419355
692,ILE,2.5533333333333332,0.012961082910321489
693,ILE,9.266666666666667,0.047038917089678514
694,ALA,0.0,0.0
695,TYR,1.0399999999999998,0.003954372623574144
696,THR,79.7,0.4633720930232558
697,MET,70.69666666666666,0.315610119047619
698,SER,38.82999999999999,0.250516129032258
699,LEU,166.33,0.8275124378109453
700,GLY,54.01,0.5193269230769231
701,ALA,103.24,0.8003100775193798
702,GLU,172.75333333333333,0.774678624813154
703,ASN,127.33,0.652974358974359
704,SER,104.19333333333333,0.6722150537634408
705,VAL,127.60333333333334,0.733352490421456
706,ALA,91.16333333333334,0.7066925064599484
707,TYR,182.96,0.6956653992395437
708,SER,45.76666666666667,0.2952688172043011
709,ASN,145.26,0.7449230769230769
710,ASN,75.52999999999999,0.38733333333333325
711,SER,49.35,0.3183870967741936
712,ILE,50.839999999999996,0.2580710659898477
713,ALA,64.23,0.4979069767441861
714,ILE,1.23,0.006243654822335025
715,PRO,14.323333333333332,0.09008385744234801
716,THR,34.68333333333333,0.2016472868217054
717,ASN,53.370000000000005,0.27369230769230773
718,PHE,2.603333333333333,0.010847222222222222
719,THR,49.333333333333336,0.2868217054263566
720,ILE,5.846666666666667,0.029678510998307952
721,SER,34.550000000000004,0.22290322580645164
722,VAL,15.476666666666667,0.0889463601532567
723,THR,51.626666666666665,0.3001550387596899
724,THR,45.72666666666667,0.26585271317829456
725,GLU,45.846666666666664,0.20559043348281014
726,ILE,14.896666666666667,0.0756175972927242
727,LEU,11.326666666666668,0.05635157545605307
728,PRO,17.566666666666666,0.11048218029350104
729,VAL,2.123333333333333,0.012203065134099616
730,SER,11.75,0.07580645161290323
731,MET,2.18,0.009732142857142858
732,THR,36.47666666666667,0.21207364341085272
733,LYS,25.98,0.11008474576271186
734,THR,7.423333333333333,0.04315891472868217
735,SER,38.33,0.24729032258064515
736,VAL,5.6000000000000005,0.03218390804597702
737,ASP,62.34,0.3230051813471503
738,CYS,1.6033333333333333,0.009600798403193613
739,THR,55.080000000000005,0.32023255813953494
740,MET,75.92,0.3389285714285714
741,TYR,4.136666666666667,0.015728770595690746
742,ILE,1.03,0.005228426395939087
743,CYS,3.9666666666666663,0.02375249500998004
744,GLY,30.66,0.2948076923076923
745,ASP,142.80666666666667,0.7399309153713299
746,SER,8.85,0.05709677419354838
747,THR,95.08999999999999,0.5528488372093022
748,GLU,90.03333333333332,0.40373692077727946
749,CYS,0.6066666666666668,0.0036327345309381245
750,SER,30.626666666666665,0.19759139784946236
751,ASN,86.08,0.44143589743589745
752,LEU,15.666666666666666,0.07794361525704809
753,LEU,7.913333333333334,0.03936981757877281
754,LEU,128.22,0.637910447761194
755,GLN,143.09333333333333,0.6359703703703704
756,TYR,69.27666666666666,0.2634093789607097
757,GLY,53.77666666666667,0.5170833333333333
758,SER,65.52666666666666,0.4227526881720429
759,PHE,93.50666666666666,0.3896111111111111
760,CYS,10.936666666666667,0.06548902195608783
761,THR,75.73333333333333,0.44031007751937984
762,GLN,78.69,0.34973333333333334
763,LEU,16.676666666666666,0.08296849087893864
764,ASN,53.153333333333336,0.2725811965811966
765,ARG,165.20666666666668,0.6029440389294405
766,ALA,25.33666666666667,0.19640826873385014
767,LEU,6.6066666666666665,0.03286898839137645
768,THR,79.44666666666666,0.4618992248062015
769,GLY,39.550000000000004,0.3802884615384616
770,ILE,8.75,0.044416243654822336
771,ALA,4.760000000000001,0.03689922480620156
772,VAL,94.64333333333333,0.5439272030651341
773,GLU,36.14333333333334,0.16207772795216743
774,GLN,3.33,0.0148
775,ASP,27.116666666666664,0.14050086355785837
776,LYS,121.83666666666666,0.5162570621468926
777,ASN,3.7100000000000004,0.019025641025641027
778,THR,17.566666666666666,0.10213178294573644
779,GLN,77.47666666666667,0.3443407407407408
780,GLU,74.91666666666667,0.335949177877429
781,VAL,0.05666666666666667,0.0003256704980842912
782,PHE,4.686666666666667,0.01952777777777778
783,ALA,29.766666666666666,0.23074935400516794
784,GLN,47.49333333333334,0.2110814814814815
785,VAL,13.703333333333333,0.07875478927203065
786,LYS,156.46666666666667,0.6629943502824859
787,GLN,97.86,0.43493333333333334
788,ILE,99.94,0.5073096446700508
789,TYR,35.22333333333333,0.13392902408111532
790,LYS,172.23333333333335,0.7298022598870058
791,THR,30.44333333333333,0.17699612403100773
792,PRO,51.11666666666667,0.32148846960167715
793,PRO,127.39333333333332,0.801215932914046
794,ILE,121.01666666666667,0.6142978003384094
795,LYS,109.48666666666666,0.4639265536723164
796,ASP,105.21666666666665,0.5451640759930915
797,PHE,12.523333333333333,0.052180555555555556
798,GLY,32.31,0.31067307692307694
799,GLY,52.22,0.5021153846153846
800,PHE,7.366666666666667,0.030694444444444448
801,ASN,82.57333333333334,0.4234529914529915
802,PHE,5.840000000000001,0.024333333333333335
803,SER,62.24333333333333,0.40156989247311825
804,GLN,60.18333333333334,0.2674814814814815
805,ILE,2.6933333333333334,0.013671742808798647
806,LEU,11.923333333333332,0.0593200663349917
807,PRO,41.02,0.25798742138364783
808,ASP,45.46,0.2355440414507772
809,PRO,110.25666666666666,0.6934381551362683
810,SER,100.88333333333333,0.6508602150537633
811,LYS,79.58,0.33720338983050846
812,PRO,142.74666666666667,0.8977777777777778
813,SER,29.223333333333333,0.18853763440860213
814,LYS,127.09999999999998,0.5385593220338982
815,ARG,41.553333333333335,0.15165450121654503
816,SER,0.22,0.0014193548387096775
817,PHE,95.09666666666665,0.39623611111111107
818,ILE,0.0,0.0
819,GLU,5.25,0.023542600896860985
820,ASP,22.636666666666667,0.11728842832469775
821,LEU,25.38,0.1262686567164179
822,LEU,0.17,0.000845771144278607
823,PHE,32.446666666666665,0.13519444444444445
824,ASN,111.85333333333334,0.5736068376068376
825,LYS,70.47000000000001,0.2986016949152543
826,VAL,10.623333333333333,0.06105363984674329
827,THR,131.68666666666664,0.7656201550387596
854,LYS,175.80666666666664,0.7449435028248587
855,PHE,162.00666666666666,0.6750277777777778
856,ASN,45.93,0.23553846153846153
857,GLY,7.46,0.07173076923076924
858,LEU,16.643333333333334,0.08280265339966833
859,THR,78.39,0.45575581395348835
860,VAL,87.42,0.5024137931034482
861,LEU,76.83,0.38223880597014925
862,PRO,98.56333333333333,0.619895178197065
863,PRO,74.02666666666666,0.4655765199161425
864,LEU,129.54999999999998,0.6445273631840795
865,LEU,17.349999999999998,0.08631840796019899
866,THR,68.37,0.3975
867,ASP,72.82666666666667,0.37734024179620035
868,GLU,88.86666666666667,0.39850523168908825
869,MET,100.51666666666667,0.44873511904761904
870,ILE,15.31,0.07771573604060913
871,ALA,4.283333333333332,0.033204134366925056
872,GLN,86.12,0.38275555555555557
873,TYR,45.626666666666665,0.1734854245880862
874,THR,3.0966666666666662,0.018003875968992247
875,SER,21.863333333333333,0.1410537634408602
876,ALA,0.0,0.0
877,LEU,0.0,0.0
878,LEU,1.32,0.006567164179104478
879,ALA,1.2833333333333332,0.009948320413436691
880,GLY,0.17,0.0016346153846153847
881,THR,0.22333333333333336,0.0012984496124031008
882,ILE,0.45,0.002284263959390863
883,THR,35.68333333333334,0.20746124031007754
884,SER,1.6433333333333333,0.010602150537634409
885,GLY,3.7633333333333336,0.03618589743589744
886,TRP,88.99666666666667,0.31226900584795325
887,THR,36.4,0.2116279069767442
888,PHE,10.883333333333333,0.04534722222222222
889,GLY,36.88333333333333,0.3546474358974359
890,ALA,101.49666666666667,0.7867958656330749
891,GLY,34.52,0.33192307692307693
892,ALA,60.51666666666667,0.46912144702842384
893,ALA,35.57666666666666,0.2757881136950904
894,LEU,98.46,0.4898507462686567
895,GLN,156.75666666666666,0.6966962962962963
896,ILE,32.52333333333334,0.165093062605753
897,PRO,82.28333333333335,0.5175052410901468
898,PHE,6.796666666666667,0.028319444444444446
899,ALA,16.293333333333333,0.12630490956072352
900,MET,83.89999999999999,0.3745535714285714
901,GLN,2.6033333333333335,0.011570370370370371
902,MET,0.7266666666666667,0.003244047619047619
903,ALA,1.5666666666666667,0.01214470284237726
904,TYR,89.66333333333334,0.34092522179974655
905,ARG,0.3466666666666667,0.001265206812652068
906,PHE,0.0,0.0
907,ASN,72.55666666666667,0.3720854700854701
908,GLY,23.073333333333334,0.22185897435897436
909,ILE,15.280000000000001,0.07756345177664975
910,GLY,41.79333333333333,0.40185897435897433
911,VAL,1.0999999999999999,0.006321839080459769
912,THR,62.096666666666664,0.3610271317829457
913,GLN,83.48666666666666,0.37105185185185185
914,ASN,43.75,0.22435897435897437
915,VAL,1.0066666666666666,0.00578544061302682
916,LEU,0.0,0.0
917,TYR,87.65666666666668,0.33329531051964517
918,GLU,127.51666666666667,0.5718236173393124
919,ASN,39.093333333333334,0.20047863247863248
920,GLN,42.12666666666667,0.18722962962962966
921,LYS,172.12333333333333,0.7293361581920904
922,LEU,70.30333333333333,0.3497678275290215
923,ILE,0.21333333333333335,0.0010829103214890017
924,ALA,5.41,0.041937984496124035
925,ASN,90.55,0.46435897435897433
926,GLN,37.72333333333333,0.16765925925925923
927,PHE,0.53,0.0022083333333333334
928,ASN,45.873333333333335,0.23524786324786326
929,SER,64.72666666666667,0.4175913978494624
930,ALA,10.146666666666667,0.078656330749354
931,ILE,7.31,0.037106598984771574
932,GLY,30.46666666666667,0.29294871794871796
933,LYS,143.86999999999998,0.6096186440677965
934,ILE,14.270000000000001,0.07243654822335026
935,GLN,28.790000000000003,0.12795555555555557
936,ASP,101.72333333333334,0.5270639032815199
937,SER,55.01666666666667,0.3549462365591398
938,LEU,4.97,0.02472636815920398
939,SER,51.56666666666666,0.3326881720430107
940,SER,87.95333333333333,0.5674408602150538
941,THR,57.03333333333334,0.33158914728682176
942,ALA,78.58333333333333,0.609173126614987
943,SER,89.79333333333334,0.5793118279569893
944,ALA,30.573333333333334,0.23700258397932816
945,LEU,2.6166666666666667,0.013018242122719735
946,GLY,31.5,0.30288461538461536
947,LYS,120.56,0.5108474576271187
948,LEU,1.4866666666666666,0.007396351575456052
949,GLN,50.29,0.2235111111111111
950,ASP,68.95333333333333,0.3572711571675302
951,VAL,13.166666666666666,0.07567049808429119
952,VAL,36.663333333333334,0.2107088122605364
953,ASN,77.29,0.3963589743589744
954,GLN,67.04333333333334,0.2979703703703704
955,ASN,6.153333333333333,0.03155555555555556
956,ALA,45.806666666666665,0.35509043927648576
957,GLN,112.81,0.5013777777777778
958,ALA,16.13333333333333,0.12506459948320411
959,LEU,37.65,0.1873134328358209
960,ASN,79.75333333333333,0.40899145299145295
961,THR,67.7,0.3936046511627907
962,LEU,3.8699999999999997,0.019253731343283582
963,VAL,47.89666666666667,0.2752681992337165
964,LYS,125.07000000000001,0.5299576271186441
965,GLN,60.52333333333333,0.2689925925925926
966,LEU,26.26666666666667,0.1306799336650083
967,SER,82.92666666666666,0.535010752688172
968,SER,36.43,0.23503225806451614
969,ASN,68.11999999999999,0.3493333333333333
970,PHE,72.48,0.302
971,GLY,53.826666666666675,0.5175641025641027
972,ALA,8.5,0.06589147286821706
973,ILE,87.41000000000001,0.4437055837563452
974,SER,16.636666666666667,0.10733333333333334
975,SER,18.263333333333332,0.1178279569892473
976,VAL,72.34,0.41574712643678163
977,LEU,12.733333333333334,0.06334991708126037
978,ASN,96.11999999999999,0.49292307692307685
979,ASP,59.699999999999996,0.3093264248704663
980,ILE,0.0,0.0
981,LEU,48.27333333333333,0.2401658374792703
982,SER,91.02,0.5872258064516129
983,ARG,146.19333333333336,0.5335523114355232
984,LEU,47.160000000000004,0.23462686567164182
985,ASP,101.75,0.5272020725388601
986,PRO,86.59666666666668,0.5446331236897275
987,PRO,104.11,0.6547798742138364
988,GLU,100.60333333333334,0.451136023916293
989,ALA,2.453333333333333,0.019018087855297156
990,GLU,77.71,0.3484753363228699
991,VAL,73.62666666666667,0.4231417624521073
992,GLN,20.01,0.08893333333333334
993,ILE,0.84,0.004263959390862944
994,ASP,52.13333333333333,0.2701208981001727
995,ARG,105.92333333333333,0.3865815085158151
996,LEU,1.51,0.007512437810945274
997,ILE,0.0,0.0
998,THR,73.47,0.42715116279069765
999,GLY,5.836666666666666,0.05612179487179487
1000,ARG,15.623333333333335,0.05701946472019465
1001,LEU,9.483333333333333,0.04718076285240464
1002,GLN,112.50333333333333,0.5000148148148148
1003,SER,13.233333333333334,0.08537634408602152
1004,LEU,1.8966666666666665,0.009436152570480928
1005,GLN,58.45333333333334,0.25979259259259263
1006,THR,78.72666666666667,0.4577131782945737
1007,TYR,10.950000000000001,0.04163498098859316
1008,VAL,4.073333333333333,0.023409961685823755
1009,THR,65.83333333333333,0.3827519379844961
1010,GLN,85.11666666666667,0.37829629629629635
1011,GLN,2.43,0.0108
1012,LEU,80.75999999999999,0.4017910447761194
1013,ILE,110.24,0.5595939086294416
1014,ARG,38.88,0.1418978102189781
1015,ALA,2.1199999999999997,0.016434108527131782
1016,ALA,38.24999999999999,0.2965116279069767
1017,GLU,112.62333333333333,0.5050373692077728
1018,ILE,6.7,0.03401015228426396
1019,ARG,100.31666666666666,0.3661192214111922
1020,ALA,61.276666666666664,0.4750129198966408
1021,SER,20.116666666666667,0.12978494623655915
1022,ALA,2.2566666666666664,0.017493540051679583
1023,ASN,70.94999999999999,0.36384615384615376
1024,LEU,72.73,0.3618407960199005
1025,ALA,0.0,0.0
1026,ALA,14.993333333333334,0.11622739018087856
1027,THR,47.85999999999999,0.2782558139534883
1028,LYS,7.646666666666666,0.03240112994350282
1029,MET,0.0,0.0
1030,SER,49.63666666666666,0.32023655913978494
1031,GLU,68.38666666666667,0.3066666666666667
1032,CYS,0.04,0.00023952095808383233
1033,VAL,0.2866666666666667,0.0016475095785440613
1034,LEU,22.023333333333337,0.1095688225538972
1035,GLY,16.966666666666665,0.16314102564102562
1036,GLN,38.843333333333334,0.17263703703703703
1037,SER,10.503333333333332,0.06776344086021505
1038,LYS,155.33333333333334,0.6581920903954802
1039,ARG,125.44,0.4578102189781022
1040,VAL,130.78666666666666,0.751647509578544
1041,ASP,90.56,0.46922279792746113
1042,PHE,19.413333333333334,0.08088888888888889
1043,CYS,1.0499999999999998,0.0062874251497005975
1044,GLY,16.673333333333336,0.16032051282051285
1045,LYS,146.61333333333334,0.6212429378531074
1046,GLY,28.126666666666665,0.27044871794871794
1047,TYR,95.67666666666668,0.36378960709759195
1048,HIS,8.47,0.037812500000000006
1049,LEU,0.0,0.0
1050,MET,0.22,0.0009821428571428572
1051,SER,0.15,0.000967741935483871
1052,PHE,0.0,0.0
1053,PRO,0.0,0.0
1054,GLN,1.4533333333333334,0.006459259259259259
1055,SER,0.5966666666666666,0.003849462365591397
1056,ALA,7.12,0.055193798449612405
1057,PRO,22.893333333333334,0.1439832285115304
1058,HIS,68.47666666666667,0.30569940476190477
1059,GLY,4.086666666666667,0.039294871794871795
1060,VAL,0.0,0.0
1061,VAL,0.0,0.0
1062,PHE,0.0,0.0
1063,LEU,0.0,0.0
1064,HIS,1.09,0.004866071428571429
1065,VAL,0.39333333333333337,0.002260536398467433
1066,THR,0.0,0.0
1067,TYR,0.5233333333333333,0.0019898605830164767
1068,VAL,31.646666666666665,0.18187739463601532
1069,PRO,45.78666666666667,0.2879664570230608
1070,ALA,46.93333333333334,0.3638242894056848
1071,GLN,104.72000000000001,0.4654222222222223
1072,GLU,102.63,0.46022421524663676
1073,LYS,117.96999999999998,0.49987288135593216
1074,ASN,126.50333333333333,0.6487350427350427
1075,PHE,12.286666666666667,0.051194444444444445
1076,THR,57.76,0.33581395348837206
1077,THR,29.069999999999997,0.1690116279069767
1078,ALA,7.406666666666666,0.05741602067183462
1079,PRO,69.1,0.4345911949685534
1080,ALA,0.0,0.0
1081,ILE,0.0,0.0
1082,CYS,8.15,0.04880239520958084
1083,HIS,72.07666666666667,0.32177083333333334
1084,ASP,104.67666666666666,0.5423661485319516
1085,GLY,35.99333333333333,0.3460897435897436
1086,LYS,91.07666666666667,0.3859180790960452
1087,ALA,0.05666666666666667,0.00043927648578811373
1088,HIS,7.066666666666666,0.03154761904761905
1089,PHE,45.81333333333333,0.19088888888888889
1090,PRO,25.353333333333335,0.15945492662473795
1091,ARG,137.0,0.5
1092,GLU,136.7566666666667,0.6132585949177879
1093,GLY,8.696666666666667,0.08362179487179487
1094,VAL,26.873333333333335,0.15444444444444444
1095,PHE,0.7266666666666666,0.0030277777777777772
1096,VAL,0.34,0.0019540229885057474
1097,SER,9.13,0.05890322580645162
1098,ASN,92.24333333333334,0.4730427350427351
1099,GLY,63.92666666666667,0.6146794871794872
1100,THR,111.28333333333335,0.6469961240310078
1101,HIS,113.00999999999999,0.5045089285714285
1102,TRP,41.346666666666664,0.14507602339181286
1103,PHE,33.343333333333334,0.13893055555555556
1104,VAL,3.9,0.022413793103448276
1105,THR,3.3666666666666667,0.019573643410852715
1106,GLN,25.67,0.11408888888888889
1107,ARG,151.88,0.5543065693430657
1108,ASN,30.156666666666666,0.15464957264957266
1109,PHE,24.01666666666667,0.10006944444444446
1110,TYR,43.99,0.16726235741444867
1111,GLU,44.946666666666665,0.20155455904334826
1112,PRO,58.85666666666666,0.37016771488469596
1113,GLN,90.07333333333334,0.4003259259259259
1114,ILE,108.57000000000001,0.5511167512690356
1115,ILE,2.896666666666667,0.014703891708967853
1116,THR,17.77333333333333,0.10333333333333332
1117,THR,50.196666666666665,0.2918410852713178
1118,ASP,101.02666666666669,0.5234542314335061
1119,ASN,36.373333333333335,0.18652991452991455
1120,THR,2.46,0.014302325581395348
1121,PHE,87.68666666666667,0.36536111111111114
1122,VAL,69.17333333333333,0.3975478927203065
1123,SER,60.61333333333334,0.39105376344086024
1124,GLY,54.07333333333333,0.5199358974358974
1125,ASN,70.16666666666667,0.3598290598290598
1126,CYS,35.42666666666667,0.21213572854291418
1127,ASP,138.5633333333333,0.7179447322970638
1128,VAL,109.16666666666667,0.6273946360153257
1129,VAL,33.586666666666666,0.19302681992337165
1130,ILE,165.63666666666666,0.8407952622673435
1131,GLY,48.79333333333333,0.4691666666666666
1132,ILE,33.656666666666666,0.17084602368866328
1133,VAL,40.913333333333334,0.23513409961685824
1134,ASN,128.98666666666668,0.6614700854700856
1135,ASN,46.9,0.2405128205128205
1136,THR,97.74666666666667,0.5682945736434108
1137,VAL,5.983333333333333,0.03438697318007663
1138,TYR,104.48333333333333,0.39727503168567807
1139,ASP,60.86666666666667,0.3153713298791019
1140,PRO,48.48,0.30490566037735845
1141,LEU,101.92666666666668,0.5070978441127695
1142,GLN,104.00333333333333,0.462237037037037
1143,PRO,54.199999999999996,0.34088050314465407
1144,GLU,127.73000000000002,0.572780269058296
1145,LEU,125.19333333333334,0.6228524046434495
1146,ASP,106.21333333333332,0.550328151986183
1147,SER,134.20666666666668,0.8658494623655915
