Residue Proper Numbering,SiteSpecific Accessiblity,Nude Accessibility,Difference
27,0.94,0.99,0.05
28,0.99,1,0.01
29,0.15,0.26,0.11
30,0.36,0.76,0.4
31,0,0,0
32,0.43,0.76,0.33
33,0.08,0.11,0.03
34,0,0,0
35,0,0,0
36,0,0,0
37,0,0,0
38,0,0,0
39,0,0,0
40,0.04,0.04,0
41,0,0,0
42,0,0,0
43,0,0,0
44,0,0,0
45,0,0,0
46,0.02,0.11,0.09
47,0,0,0
48,0,0.01,0.01
49,0,0,0
50,0,0,0
51,0.01,0.01,0
52,0.07,0.1,0.02
53,0,0,0
54,0,0,0
55,0,0,0
56,0,0,0
57,0,0,0
58,0,0,0
59,0.35,0.52,0.18
60,0.05,0.14,0.09
61,0.23,0.86,0.63
62,0,0,0
63,0.21,0.31,0.1
64,0.42,0.48,0.07
65,0.33,0.37,0.04
66,0.63,0.68,0.05
67,0,0.03,0.03
68,0.63,0.73,0.09
69,0.4,0.42,0.02
70,0.44,0.45,0.01
71,0.56,0.6,0.03
72,0.48,0.56,0.08
73,0.83,0.94,0.11
74,0.57,0.96,0.39
75,0.78,0.87,0.09
76,0.64,0.75,0.11
77,0.94,0.97,0.03
78,0.75,0.81,0.06
79,0.16,0.16,0
80,0.76,0.78,0.02
81,0.03,0.03,0
82,0.74,0.79,0.06
83,0.66,0.74,0.08
84,0.22,0.38,0.16
85,0.29,0.58,0.29
86,0,0,0
87,0.16,0.56,0.41
88,0.1,0.46,0.36
89,0,0,0
90,0,0,0
91,0,0,0
92,0,0,0
93,0,0,0
94,0,0,0
95,0,0,0
96,0.05,0.05,0
97,0.35,0.35,0
98,0,0,0
99,0.22,0.22,0
100,0.01,0.01,0
101,0,0,0
102,0.06,0.06,0.01
103,0,0,0
104,0,0,0
105,0,0,0
106,0,0,0
107,0,0,0
108,0.05,0.41,0.36
109,0.51,0.68,0.17
110,0,0,0
111,0.45,0.49,0.04
112,0.25,0.52,0.27
113,0.8,0.85,0.05
114,0.08,0.39,0.31
115,0.01,0.16,0.15
116,0,0,0
117,0,0,0
118,0,0,0
119,0,0,0
120,0,0,0
121,0,0,0
122,0.01,0.57,0.56
123,0.47,0.53,0.06
124,0.79,0.87,0.09
125,0.13,0.73,0.6
126,0,0,0
127,0,0.08,0.08
128,0,0,0
129,0.08,0.51,0.43
130,0,0,0
131,0,0,0
132,0.13,0.61,0.48
133,0,0,0
134,0.44,0.62,0.18
135,0.67,0.72,0.05
136,0.06,0.14,0.08
137,0.66,0.85,0.19
138,0.18,0.4,0.22
139,0.09,0.09,0
140,0.04,0.16,0.12
141,0.14,0.16,0.02
142,0.02,0.02,0
143,0.13,0.27,0.14
144,0.45,0.76,0.31
145,0.6,0.73,0.13
146,0.92,0.99,0.07
147,0.88,0.93,0.05
148,0.89,0.97,0.08
149,0.48,1,0.51
150,0.65,0.83,0.17
151,0.37,0.87,0.49
152,0.42,0.73,0.31
153,0.66,0.84,0.18
154,0.61,0.72,0.11
155,0.2,0.44,0.24
156,0.45,0.7,0.25
157,0.32,0.52,0.2
158,0.24,0.53,0.29
159,0,0,0
160,0.13,0.42,0.29
161,0.18,0.42,0.24
162,0.09,0.18,0.1
163,0.28,0.56,0.28
164,0.35,0.61,0.26
165,0.18,0.69,0.51
166,0.26,0.55,0.29
167,0.18,0.28,0.1
168,0.03,0.04,0.02
169,0.32,0.54,0.22
170,0.1,0.2,0.1
171,0.33,0.75,0.42
172,0.01,0.03,0.03
173,0.7,0.74,0.04
174,0.35,0.37,0.02
175,0.09,0.09,0
176,0.69,0.7,0.01
177,0.33,0.34,0.01
178,0.7,0.79,0.09
179,0.56,0.59,0.02
180,0.78,0.81,0.03
181,0.4,0.59,0.19
182,0.84,0.9,0.06
183,0.89,0.98,0.09
184,0.58,0.63,0.04
185,0.84,0.85,0.01
186,0.48,0.57,0.08
187,0.61,0.66,0.05
188,0.05,0.11,0.06
189,0,0,0
190,0,0,0
191,0,0,0
192,0,0,0
193,0,0,0
194,0,0,0
195,0,0,0
196,0,0,0
197,0.06,0.11,0.05
198,0.11,0.17,0.06
199,0,0,0
200,0.01,0.01,0
201,0,0,0
202,0,0,0
203,0,0,0
204,0,0,0
205,0,0,0
206,0,0.14,0.13
207,0.12,0.42,0.3
208,0.05,0.27,0.22
209,0.27,0.57,0.3
210,0.22,0.46,0.24
211,0.71,0.78,0.07
212,0.86,0.95,0.09
213,0.78,0.79,0.02
214,0.94,0.95,0.01
215,0.53,0.69,0.16
216,0.19,0.26,0.07
217,0.01,0.07,0.06
218,0.75,0.78,0.03
219,0.36,0.55,0.19
220,0.14,0.29,0.14
221,0,0,0
222,0,0,0
223,0,0,0
224,0,0.04,0.03
225,0,0,0
226,0,0,0
227,0,0,0
228,0,0,0
229,0,0,0
230,0,0,0
231,0,0,0
232,0,0,0
233,0,0,0
234,0.02,0.41,0.39
235,0,0,0
236,0.33,0.61,0.28
237,0.58,0.66,0.09
238,0,0,0
239,0,0,0
240,0,0,0
241,0,0,0
242,0,0,0
243,0,0,0
244,0.07,0.08,0.01
245,0.34,0.35,0.01
246,0.88,0.93,0.05
247,0.66,0.67,0.01
248,0.59,0.6,0.01
249,0.53,0.55,0.02
250,0.83,0.87,0.04
251,0.94,0.98,0.04
252,0.76,0.8,0.04
253,0.96,0.97,0.01
254,0.79,0.8,0.01
255,0.9,0.91,0
256,0.91,0.91,0
257,0.48,0.49,0.01
258,0.78,0.8,0.02
259,0.64,0.64,0
260,0.6,0.61,0
261,0.32,0.32,0
262,0.11,0.11,0
263,0,0,0
264,0,0,0
265,0,0,0
266,0,0,0
267,0,0,0
268,0,0,0
269,0.05,0.13,0.08
270,0,0,0
271,0.33,0.45,0.12
272,0.19,0.2,0.01
273,0.03,0.03,0
274,0,0,0
275,0,0,0
276,0,0,0
277,0,0,0
278,0.19,0.49,0.3
279,0,0,0
280,0.01,0.54,0.53
281,0.52,0.75,0.23
282,0.12,0.71,0.6
283,0,0,0
284,0,0.33,0.33
285,0,0,0
286,0.17,0.56,0.4
287,0.31,0.57,0.26
288,0,0,0
289,0,0,0
290,0,0,0
291,0,0,0
292,0.05,0.11,0.05
293,0.12,0.19,0.07
294,0.19,0.21,0.01
295,0.02,0.02,0
296,0,0,0
297,0,0,0
298,0,0,0
299,0,0,0
300,0,0.01,0.01
301,0,0,0
302,0,0,0
303,0,0,0
304,0,0,0
305,0,0,0
306,0.02,0.03,0.02
307,0.14,0.41,0.27
308,0,0,0
309,0.01,0.02,0.01
310,0.08,0.09,0.01
311,0,0,0
312,0,0,0
313,0,0,0
314,0,0,0
315,0,0,0
316,0,0,0
317,0,0,0
318,0,0,0
319,0.02,0.05,0.03
320,0.02,0.02,0
321,0.38,0.44,0.06
322,0.16,0.17,0.01
323,0.45,0.5,0.05
324,0.69,0.7,0
325,0.64,0.69,0.05
326,0,0,0
327,0.25,0.25,0
328,0.04,0.09,0.04
329,0,0.01,0.01
330,0,0,0
331,0.07,0.45,0.38
332,0.16,0.38,0.22
333,0.53,0.78,0.26
334,0.62,0.91,0.29
335,0.57,0.79,0.23
336,0.06,0.09,0.03
337,0.35,0.58,0.23
338,0.04,0.04,0
339,0.07,0.3,0.24
340,0.56,0.78,0.22
341,0.07,0.12,0.04
342,0.01,0.03,0.02
343,0.25,0.71,0.46
344,0.19,0.33,0.14
345,0.85,0.94,0.09
346,0.84,0.9,0.06
347,0,0.01,0.01
348,0.04,0.05,0.01
349,0,0,0
350,0,0,0
351,0.19,0.28,0.09
352,0.15,0.19,0.04
353,0.03,0.14,0.12
354,0.24,0.28,0.04
355,0.02,0.09,0.07
356,0.38,0.5,0.12
357,0.08,0.17,0.1
358,0.01,0.02,0.01
359,0.12,0.19,0.07
360,0.2,0.29,0.09
361,0,0,0
362,0.01,0.03,0.02
363,0,0,0
364,0.31,0.37,0.06
365,0,0,0
366,0.24,0.32,0.08
367,0.35,0.45,0.1
368,0,0.03,0.03
369,0.18,0.35,0.17
370,0.32,0.42,0.1
371,0.13,0.28,0.15
372,0.34,0.37,0.04
373,0.45,0.65,0.2
374,0.02,0.06,0.05
375,0.27,0.44,0.17
376,0.08,0.17,0.09
377,0.04,0.12,0.08
378,0.25,0.34,0.1
379,0,0,0
380,0.03,0.03,0
381,0,0,0
382,0,0,0
383,0,0,0
384,0,0,0
385,0.2,0.23,0.03
386,0.17,0.2,0.03
387,0,0,0
388,0.08,0.1,0.02
389,0.12,0.15,0.02
390,0,0,0
391,0,0,0
392,0,0,0
393,0,0,0
394,0,0,0
395,0,0,0
396,0,0.06,0.06
397,0,0,0
398,0,0,0
399,0,0,0
400,0,0,0
401,0,0,0
402,0,0,0
403,0.21,0.21,0
404,0,0,0
405,0.22,0.22,0
406,0.01,0.01,0
407,0,0,0
408,0.51,0.61,0.1
409,0.08,0.08,0
410,0,0,0
411,0.01,0.01,0
412,0.03,0.03,0
413,0.01,0.01,0
414,0.24,0.28,0.04
415,0.1,0.12,0.02
416,0.03,0.03,0
417,0.33,0.33,0
418,0.03,0.03,0
419,0,0,0
420,0.14,0.18,0.04
421,0.2,0.22,0.02
422,0,0,0
423,0,0,0
424,0.09,0.14,0.05
425,0,0,0
426,0.01,0.02,0.01
427,0.04,0.05,0.01
428,0.1,0.13,0.03
429,0.02,0.04,0.03
430,0,0,0
431,0,0,0
432,0,0,0
433,0,0,0
434,0,0,0
435,0,0,0
436,0,0.01,0.01
437,0.29,0.34,0.05
438,0,0,0
439,0.31,0.32,0.01
440,0.96,0.98,0.03
441,0.7,0.93,0.23
442,0,0,0
443,0.12,0.13,0.01
444,0.94,1,0.06
445,0.97,0.99,0.02
446,0.82,0.83,0.01
447,0.36,0.37,0.01
448,0.61,0.62,0.01
449,0.93,0.93,0
450,0.6,0.68,0.08
451,0.01,0.01,0
452,0.4,0.45,0.04
453,0.05,0.05,0
454,0.15,0.28,0.13
455,0.04,0.04,0
456,0.29,0.38,0.09
457,0.34,0.47,0.13
458,0.59,0.74,0.15
459,0.5,0.67,0.17
460,0.48,0.65,0.17
461,0.33,0.33,0
462,0.49,0.79,0.3
463,0.36,0.38,0.02
464,0.23,0.23,0
465,0.19,0.3,0.1
466,0.43,0.48,0.05
467,0.33,0.43,0.1
468,0.31,0.41,0.11
469,0.17,0.35,0.18
470,0.66,0.74,0.07
471,0.71,0.8,0.09
472,0.59,0.63,0.04
473,0.33,0.56,0.23
474,0.59,0.72,0.13
475,0.17,0.29,0.12
476,0.18,0.35,0.17
477,0.39,0.52,0.13
478,0.43,0.57,0.14
479,0.47,0.62,0.15
480,0.59,0.83,0.24
481,0.84,0.9,0.06
482,0.64,0.71,0.07
483,0.86,0.88,0.01
484,0.82,0.98,0.16
485,0.73,0.82,0.09
486,0.79,0.83,0.04
487,0.51,0.58,0.07
488,0.53,0.58,0.05
489,0.54,0.61,0.08
490,0.73,0.78,0.06
491,0.07,0.08,0.01
492,0.15,0.17,0.02
493,0.53,0.63,0.1
494,0.36,0.38,0.02
495,0,0,0
496,0.27,0.28,0.01
497,0.08,0.08,0
498,0.84,0.87,0.03
499,0.78,0.78,0
500,0.99,0.99,0
501,0.33,0.35,0.01
502,0.39,0.39,0
503,0.73,0.85,0.12
504,0,0,0
505,0.41,0.43,0.02
506,0.5,0.54,0.04
507,0,0,0
508,0.01,0.01,0
509,0.01,0.01,0
510,0,0,0
511,0,0,0
512,0,0,0
513,0,0,0
514,0,0,0
515,0,0,0
516,0.01,0.24,0.23
517,0.01,0.08,0.07
518,0.22,0.33,0.1
519,0.1,0.38,0.29
520,0,0,0
521,0.01,0.01,0.01
522,0,0,0
523,0.01,0.02,0.01
524,0,0,0
525,0,0,0
526,0,0,0
527,0.28,0.31,0.03
528,0.36,0.49,0.13
529,0.92,0.96,0.04
530,0.32,0.45,0.13
531,0.77,0.85,0.08
532,0.95,1,0.05
533,0.37,0.39,0.02
534,0.85,0.9,0.05
535,0.97,0.99,0.02
536,0.83,0.93,0.1
537,0.83,0.86,0.03
538,0,0,0
539,0,0,0
540,0.11,0.14,0.03
541,0,0,0
542,0,0,0
543,0,0,0
544,0,0,0
545,0,0,0
546,0,0,0
547,0,0.01,0.01
548,0,0,0
549,0,0,0
550,0,0,0
551,0.02,0.17,0.15
552,0,0,0
553,0.56,0.82,0.26
554,0.94,0.96,0.01
555,0.13,0.14,0.01
556,0.95,0.98,0.03
557,0.1,0.16,0.06
558,0.93,0.99,0.06
559,0.17,0.29,0.13
560,0.09,0.41,0.32
561,0.86,0.92,0.07
562,0,0,0
563,0,0,0
564,0,0,0
565,0,0,0
566,0,0,0
567,0.02,0.02,0
568,0,0,0
569,0,0,0
570,0,0,0
571,0,0,0
572,0,0,0
573,0,0,0
574,0,0,0
575,0,0,0
576,0,0,0
577,0.1,0.12,0.03
578,0,0,0
579,0.02,0.05,0.03
580,0.49,0.9,0.42
581,0.92,0.95,0.03
582,0.86,0.94,0.08
583,0.9,0.91,0.01
584,0.18,0.2,0.01
585,0,0,0
586,0.1,0.19,0.08
587,0,0,0
588,0.22,0.47,0.26
589,0.02,0.06,0.03
590,0,0,0
591,0,0.01,0.01
592,0,0,0
593,0,0,0
594,0,0,0
595,0,0,0
596,0,0,0
597,0,0,0
598,0,0,0
599,0,0,0
600,0,0,0
601,0,0,0
602,0.24,0.5,0.26
603,0.21,0.75,0.54
604,0.19,0.32,0.13
605,0.01,0.02,0.01
606,0.56,0.68,0.12
607,0.12,0.27,0.15
608,0.05,0.06,0
609,0,0,0
610,0,0,0
611,0,0,0
612,0,0.01,0
613,0,0,0
614,0.06,0.18,0.12
615,0,0,0
616,0.01,0.71,0.7
617,0,0.01,0.01
618,0.64,0.84,0.2
619,0.36,0.47,0.11
620,0.1,0.12,0.02
621,0.06,0.1,0.05
622,0.39,0.65,0.26
623,0.26,0.41,0.15
624,0.27,0.45,0.18
625,0.62,0.85,0.23
626,0.31,0.49,0.19
627,0.69,0.9,0.21
628,0.6,0.78,0.18
629,0.81,0.86,0.05
630,0.6,0.75,0.15
631,0.38,0.61,0.23
632,0.54,0.59,0.06
633,0.58,0.72,0.15
634,0.78,0.86,0.08
635,0.55,0.7,0.14
636,0.35,0.44,0.09
637,0.38,0.56,0.18
638,0.32,0.37,0.05
639,0.36,0.47,0.11
640,0.5,0.61,0.11
641,0.59,0.75,0.16
642,0.34,0.63,0.28
643,0.29,0.67,0.39
644,0.34,0.98,0.64
645,0.01,0.06,0.05
646,0.28,0.72,0.45
647,0,0,0
648,0,0,0
649,0,0,0
650,0,0,0
651,0.07,0.08,0
652,0.04,0.05,0.01
653,0,0,0
654,0.84,0.94,0.1
655,0.33,0.76,0.43
656,0.78,0.89,0.11
657,0.66,0.95,0.29
658,0.93,0.95,0.02
659,0.34,0.42,0.08
660,0.47,0.49,0.02
661,0.52,0.52,0
662,0.08,0.08,0
663,0.05,0.05,0
664,0,0,0
665,0.02,0.02,0
666,0,0,0
667,0,0,0
668,0,0,0
669,0,0,0
670,0,0,0
671,0,0,0
672,0,0,0
673,0,0,0
674,0.68,0.69,0.01
675,0.75,0.75,0
676,0.62,0.62,0.01
677,0.72,0.77,0.05
678,0.61,0.62,0.01
679,0.78,0.81,0.04
680,0.62,0.7,0.08
681,0.76,0.78,0.03
682,0.93,0.99,0.06
683,0.79,0.83,0.04
684,0.32,0.34,0.03
685,0.6,0.61,0.01
686,0.16,0.16,0
687,0.17,0.18,0
688,0.22,0.22,0
689,0.99,0.99,0
690,1,1,0
691,0.18,0.24,0.06
692,0,0,0
693,0.1,0.1,0
694,0,0,0
695,0,0,0
696,0.19,0.47,0.28
697,0,0,0
698,0.07,0.08,0.01
699,0,0,0
700,0.05,0.05,0
701,0.6,0.65,0.04
702,0.63,0.71,0.08
703,0.45,0.72,0.27
704,0.57,0.84,0.27
705,0.06,0.12,0.06
706,0.16,0.66,0.49
707,0.09,0.3,0.22
708,0.12,0.61,0.49
709,0.04,0.93,0.89
710,0.22,0.83,0.6
711,0.02,0.16,0.14
712,0,0,0
713,0,0,0
714,0,0,0
715,0,0,0
716,0.01,0.59,0.57
717,0.08,0.95,0.87
718,0,0,0
719,0.72,0.74,0.02
720,0,0,0
721,0.04,0.04,0
722,0,0,0
723,0.12,0.12,0
724,0.02,0.02,0
725,0,0,0
726,0,0,0
727,0,0,0
728,0,0,0
729,0,0,0
730,0,0,0
731,0,0,0
732,0.01,0.01,0
733,0,0,0
734,0,0,0
735,0,0,0
736,0,0,0
737,0,0,0
738,0,0,0
739,0,0,0
740,0,0,0
741,0,0,0
742,0,0,0
743,0,0,0
744,0,0,0
745,0.01,0.01,0
746,0.01,0.01,0
747,0.43,0.49,0.05
748,0.21,0.28,0.07
749,0,0,0
750,0,0,0
751,0.04,0.05,0.01
752,0,0,0
753,0,0,0
754,0.04,0.04,0
755,0.03,0.03,0
756,0,0,0
757,0,0,0
758,0,0,0
759,0,0,0
760,0,0,0
761,0,0,0
762,0,0,0
763,0,0,0
764,0,0,0
765,0,0,0
766,0,0,0
767,0,0,0
768,0,0,0
769,0,0,0
770,0,0,0
771,0,0,0
772,0.01,0.01,0
773,0,0,0
774,0,0,0
775,0,0,0
776,0.04,0.04,0
777,0,0,0
778,0,0,0
779,0.12,0.12,0
780,0.01,0.01,0
781,0,0,0
782,0,0,0
783,0,0,0
784,0,0,0
785,0,0,0
786,0.5,0.51,0.01
787,0.56,0.61,0.05
788,0,0,0
789,0,0,0
790,0.35,0.67,0.32
791,0.01,0.02,0.01
792,0.06,0.09,0.03
793,0.58,0.73,0.16
794,0.53,0.75,0.22
795,0.53,0.72,0.19
796,0.54,0.77,0.24
797,0,0,0
798,0.1,0.16,0.06
799,0.22,0.51,0.29
800,0,0,0
801,0,0.73,0.73
802,0,0,0
803,0.01,0.5,0.49
804,0.02,0.43,0.41
805,0,0,0
806,0,0,0
807,0,0,0
808,0.18,0.62,0.44
809,0.65,0.92,0.27
810,0.82,0.91,0.09
811,0.47,0.86,0.39
812,0.77,0.96,0.19
813,0.12,0.17,0.05
814,0.4,0.9,0.5
815,0.13,0.17,0.03
816,0,0,0
817,0.22,0.86,0.64
818,0,0,0
819,0,0,0
820,0.14,0.29,0.15
821,0.03,0.19,0.15
822,0,0,0
823,0.04,0.05,0.01
824,0.26,0.39,0.13
825,0.14,0.3,0.16
826,0,0,0
827,0.07,0.2,0.13
828,0.07,0.1,0.03
829,0.14,0.22,0.09
830,0.42,0.53,0.11
831,0.14,0.22,0.08
832,0.08,0.11,0.03
833,0.34,0.53,0.19
834,0.28,0.37,0.09
835,0.41,0.5,0.09
836,0.35,0.41,0.06
837,0.41,0.66,0.25
838,0.2,0.37,0.18
839,0.62,0.8,0.18
840,0.4,0.66,0.26
841,0.46,0.55,0.09
842,0.26,0.33,0.06
843,0.35,0.46,0.12
844,0.18,0.21,0.03
845,0.11,0.12,0.01
846,0.3,0.32,0.02
847,0.12,0.22,0.1
848,0.04,0.08,0.04
849,0,0,0
850,0.01,0.02,0.01
851,0,0.01,0
852,0.01,0.01,0
853,0.02,0.05,0.03
854,0.03,0.09,0.05
855,0,0,0
856,0,0,0
857,0,0,0
858,0,0,0
859,0,0,0
860,0.01,0.03,0.01
861,0,0,0
862,0,0,0
863,0,0,0
864,0,0,0
865,0,0,0
866,0.01,0.01,0
867,0.05,0.08,0.04
868,0.2,0.48,0.28
869,0,0,0
870,0,0,0
871,0,0,0
872,0.06,0.18,0.12
873,0,0,0
874,0,0,0
875,0,0,0
876,0,0,0
877,0,0,0
878,0,0,0
879,0,0,0
880,0,0,0
881,0,0,0
882,0,0,0
883,0,0,0
884,0,0,0
885,0,0,0
886,0,0,0
887,0,0,0
888,0,0,0
889,0,0,0
890,0,0,0
891,0,0,0
892,0.02,0.03,0
893,0,0,0
894,0,0,0
895,0.01,0.14,0.13
896,0,0,0
897,0,0,0
898,0,0,0
899,0,0,0
900,0,0,0
901,0,0,0
902,0,0,0
903,0,0,0
904,0,0,0
905,0,0,0
906,0,0,0
907,0,0,0
908,0,0,0
909,0,0,0
910,0,0,0
911,0,0,0
912,0,0,0
913,0,0,0
914,0,0,0
915,0,0,0
916,0,0,0
917,0,0,0
918,0.05,0.58,0.53
919,0,0.42,0.42
920,0,0.01,0
921,0.78,0.81,0.03
922,0.57,0.82,0.25
923,0,0,0
924,0,0,0
925,0.69,0.73,0.04
926,0.44,0.63,0.19
927,0,0,0
928,0.04,0.43,0.39
929,0.66,0.68,0.02
930,0,0,0
931,0,0,0
932,0.18,0.5,0.32
933,0.74,0.75,0
934,0.01,0.01,0
935,0.11,0.57,0.46
936,0.64,0.7,0.06
937,0.24,0.24,0
938,0,0,0
939,0.24,0.61,0.37
940,0.45,0.62,0.17
941,0.29,0.3,0.01
942,0.04,0.18,0.14
943,0.03,0.03,0
944,0.02,0.02,0
945,0,0,0
946,0.02,0.02,0
947,0.07,0.07,0
948,0,0,0
949,0,0.01,0.01
950,0.01,0.01,0
951,0,0,0
952,0,0,0
953,0,0,0
954,0,0,0
955,0,0,0
956,0,0,0
957,0,0,0
958,0,0,0
959,0,0,0
960,0,0,0
961,0,0,0
962,0,0,0
963,0,0,0
964,0,0,0
965,0,0,0
966,0,0,0
967,0,0,0
968,0,0,0
969,0.01,0.01,0
970,0,0,0
971,0,0,0
972,0,0,0
973,0,0,0
974,0,0,0
975,0,0,0
976,0,0,0
977,0,0,0
978,0.08,0.08,0
979,0,0,0
980,0,0,0
981,0.01,0.02,0
982,0.01,0.01,0
983,0.01,0.02,0.01
984,0.03,0.04,0.01
985,0.05,0.06,0.01
986,0.06,0.1,0.04
987,0.05,0.05,0
988,0.21,0.25,0.04
989,0,0,0
990,0,0,0
991,0.05,0.05,0
992,0,0,0
993,0,0,0
994,0,0,0
995,0,0,0
996,0,0,0
997,0,0,0
998,0,0,0
999,0,0,0
1000,0,0,0
1001,0,0,0
1002,0,0,0
1003,0,0,0
1004,0,0,0
1005,0,0,0
1006,0,0,0
1007,0,0,0
1008,0,0,0
1009,0,0,0
1010,0,0,0
1011,0,0,0
1012,0,0,0
1013,0,0,0
1014,0,0,0
1015,0,0,0
1016,0,0,0
1017,0,0,0
1018,0,0,0
1019,0,0,0
1020,0,0,0
1021,0,0,0
1022,0,0,0
1023,0,0,0
1024,0,0,0
1025,0,0,0
1026,0,0,0
1027,0,0,0
1028,0,0,0
1029,0,0,0
1030,0,0,0
1031,0,0,0
1032,0,0,0
1033,0,0,0
1034,0,0,0
1035,0,0,0
1036,0,0,0
1037,0,0,0
1038,0,0,0
1039,0,0,0
1040,0,0,0
1041,0,0,0
1042,0,0,0
1043,0,0,0
1044,0,0,0
1045,0.16,0.16,0
1046,0,0,0
1047,0,0,0
1048,0,0,0
1049,0,0,0
1050,0,0,0
1051,0,0,0
1052,0,0,0
1053,0,0,0
1054,0,0,0
1055,0,0,0
1056,0,0,0
1057,0,0,0
1058,0,0,0
1059,0,0,0
1060,0,0,0
1061,0,0,0
1062,0,0,0
1063,0,0,0
1064,0,0,0
1065,0,0,0
1066,0,0,0
1067,0,0,0
1068,0.31,0.32,0
1069,0,0,0
1070,0.28,0.29,0.01
1071,0.62,0.64,0.02
1072,0.39,0.63,0.24
1073,0.28,0.65,0.37
1074,0.12,0.65,0.53
1075,0,0.01,0.01
1076,0.25,0.44,0.2
1077,0,0,0
1078,0,0,0
1079,0,0,0
1080,0,0,0
1081,0,0,0
1082,0.01,0.06,0.05
1083,0.28,0.43,0.15
1084,0.87,0.88,0.01
1085,0.63,0.84,0.2
1086,0.64,0.75,0.11
1087,0,0,0
1088,0,0,0
1089,0,0,0
1090,0,0,0
1091,0,0,0
1092,0,0,0
1093,0,0,0
1094,0,0,0
1095,0,0,0
1096,0,0,0
1097,0,0,0
1098,0.09,0.84,0.75
1099,0.39,0.74,0.35
1100,0.77,0.86,0.09
1101,0.61,0.9,0.28
1102,0.01,0.04,0.03
1103,0.23,0.89,0.65
1104,0,0,0
1105,0,0,0
1106,0,0,0
1107,0,0,0
1108,0,0,0
1109,0,0.08,0.08
1110,0.08,0.75,0.66
1111,0.05,0.4,0.36
1112,0.17,0.86,0.69
1113,0,0.04,0.04
1114,0.44,0.67,0.23
1115,0,0,0
1116,0,0,0
1117,0,0,0
1118,0,0,0
1119,0,0,0
1120,0,0,0
1121,0,0,0
1122,0.01,0.02,0
1123,0,0,0
1124,0.15,0.46,0.31
1125,0.64,0.93,0.3
1126,0.02,0.08,0.06
1127,0.79,0.88,0.1
1128,0.3,0.85,0.55
1129,0,0,0
1130,0.6,0.84,0.24
1131,0.14,0.62,0.48
1132,0.28,0.85,0.57
1133,0.3,0.83,0.53
1134,0.3,0.83,0.53
1135,0.06,0.22,0.16
1136,0.63,0.88,0.24
1137,0,0,0
1138,0.64,0.94,0.3
1139,0.28,0.29,0.01
1140,0.02,0.02,0
1141,0.2,0.21,0
1142,0.78,0.89,0.11
1143,0.66,0.7,0.04
1144,0.78,0.79,0.01
1145,0.85,0.86,0
1146,1,1,0