allele,peptide,affinity,min_affinity,max_affinity,geometric_mean_affinity,num_entries,in_sars2
HLA-A*01:01,CADGTRHTY,438.5,438.5,438.5,438.5,1,False
HLA-A*01:01,CTDDNALAY,4.5,4.5,4.5,4.5,1,True
HLA-A*01:01,FADINGKLY,191.23,191.23,191.23,191.23,1,False
HLA-A*01:01,FMGRIRSVY,5874.5,5874.5,5874.5,5874.5,1,True
HLA-A*01:01,FTERSDKSY,65.0,65.0,65.0,65.0,1,False
HLA-A*01:01,FVDGVPFVV,1410.05,1410.05,1410.05,1410.05,1,True
HLA-A*01:01,GQTGVIADY,65260.0,65260.0,65260.0,65260.0,1,False
HLA-A*01:01,GTDSGFAAY,13.0,13.0,13.0,13.0,1,False
HLA-A*01:01,ISDYDYYRY,47.66,47.66,47.66,47.66,1,True
HLA-A*01:01,KSDGTGTIY,34.0,34.0,34.0,34.0,1,True
HLA-A*01:01,KSYEHQTPF,27130.0,27130.0,27130.0,27130.0,1,False
HLA-A*01:01,LADTSLSGY,42.5,42.5,42.5,42.5,1,False
HLA-A*01:01,LSDDAVVCY,17.5,17.5,17.5,17.5,1,False
HLA-A*01:01,LSDHQDLKW,817.55,817.55,817.55,817.55,1,False
HLA-A*01:01,LTDDMIAAY,7.0,7.0,7.0,7.0,1,False
HLA-A*01:01,MTNRQFHQK,9211.5,9211.5,9211.5,9211.5,1,True
HLA-A*01:01,NQDLNGNWY,282.4,282.4,282.4,282.4,1,True
HLA-A*01:01,PVDEYITTY,44.0,44.0,44.0,44.0,1,False
HLA-A*01:01,RLYYDSMSY,7948.5,7948.5,7948.5,7948.5,1,True
HLA-A*01:01,RVDFCGKGY,1000.5,1000.5,1000.5,1000.5,1,True
HLA-A*01:01,SSLPSYAAY,1624.5,1624.5,1624.5,1624.5,1,False
HLA-A*01:01,SSSLTSLLK,1106.5,1106.5,1106.5,1106.5,1,False
HLA-A*01:01,STDDCFANK,5487.5,5487.5,5487.5,5487.5,1,False
HLA-A*01:01,TCDGNTFTY,530.67,530.67,530.67,530.67,1,False
HLA-A*01:01,TQDLFLPFY,1808.5,1808.5,1808.5,1808.5,1,False
HLA-A*01:01,TSNPKTPKY,4515.0,4515.0,4515.0,4515.0,1,False
HLA-A*01:01,VLWAHGFEL,4700.5,4700.5,4700.5,4700.5,1,True
HLA-A*01:01,VQTVRTQVY,24715.0,24715.0,24715.0,24715.0,1,False
HLA-A*01:01,VVDKYFDCY,98.5,98.5,98.5,98.5,1,True
HLA-A*02:01,ALWEIQQVV,300.65,300.65,300.65,300.65,1,True
HLA-A*02:01,FMGRIRSVY,9164.0,9164.0,9164.0,9164.0,1,True
HLA-A*02:01,FVDGVPFVV,124.45,124.45,124.45,124.45,1,True
HLA-A*02:01,GLMWLSYFV,3187.0,3187.0,3187.0,3187.0,1,False
HLA-A*02:01,ILGLPTQTV,401.65,401.65,401.65,401.65,1,True
HLA-A*02:01,ILGTVSWNL,382.15,382.15,382.15,382.15,1,True
HLA-A*02:01,ILHCANFNV,114.35,114.35,114.35,114.35,1,True
HLA-A*02:01,IQQLPETYF,16825.0,16825.0,16825.0,16825.0,1,False
HLA-A*02:01,KLFAAETLK,29175.0,29175.0,29175.0,29175.0,1,True
HLA-A*02:01,KLFIRQEEV,400.25,400.25,400.25,400.25,1,True
HLA-A*02:01,KLMPICMDV,272.1,272.1,272.1,272.1,1,False
HLA-A*02:01,KLWAQCVQL,108.67,108.67,108.67,108.67,1,True
HLA-A*02:01,KMSEYKGPV,1515.5,1515.5,1515.5,1515.5,1,False
HLA-A*02:01,KQFDTYNLW,48385.0,48385.0,48385.0,48385.0,1,True
HLA-A*02:01,KQYNVTQAF,51255.0,51255.0,51255.0,51255.0,1,False
HLA-A*02:01,MPASWVMRI,8191.5,8191.5,8191.5,8191.5,1,True
HLA-A*02:01,RLYYDSMSY,22780.0,22780.0,22780.0,22780.0,1,True
HLA-A*02:01,SLAIDAYPL,144.85,144.85,144.85,144.85,1,True
HLA-A*02:01,TLMNVITLV,638.45,638.45,638.45,638.45,1,False
HLA-A*02:01,TLVPQEHYV,119.1,119.1,119.1,119.1,1,True
HLA-A*02:01,TPRDLGACI,36030.0,36030.0,36030.0,36030.0,1,True
HLA-A*02:01,VLWAHGFEL,72.42,72.42,72.42,72.42,1,True
HLA-A*02:01,VQQESSFVM,1074.5,1074.5,1074.5,1074.5,1,False
HLA-A*02:01,YIFFASFYY,6821.0,6821.0,6821.0,6821.0,1,True
HLA-A*02:11,PVDEYITTY,20000.0,20000.0,20000.0,20000.0,1,False
HLA-A*03:01,AIKCVDIVK,3044.0000001000026,3044.0,3044.0,3044.0000001000026,2,False
HLA-A*03:01,AITTSNCAK,645.7499517066568,645.5,646.0,645.7499517066568,2,False
HLA-A*03:01,ALRANSAVK,197.12496046778298,197.0,197.25,197.12496046778298,2,True
HLA-A*03:01,ASLPTTIAK,56.0549731175656,56.0,56.11,56.0549731175656,2,False
HLA-A*03:01,ATFSVPMEK,264.7498820640909,264.5,265.0,264.7498820640909,2,False
HLA-A*03:01,ATNNVFRLK,401.1749619308699,401.0,401.35,401.1749619308699,2,False
HLA-A*03:01,ATVVIGTSK,231.84995157724316,231.7,232.0,231.84995157724316,2,True
HLA-A*03:01,AVAVHDFFK,572.1749733380825,572.0,572.35,572.1749733380825,2,False
HLA-A*03:01,AVDPAKAYK,2050.0187805038404,1674.0,2510.5,2050.0187805038404,2,False
HLA-A*03:01,AVLQSGFRK,258.84995663853203,258.7,259.0,258.84995663853203,2,True
HLA-A*03:01,CADGTRHTY,9668.5,9668.5,9668.5,9668.5,1,False
HLA-A*03:01,CTDDNALAY,3775.0,3775.0,3775.0,3775.0,1,True
HLA-A*03:01,EVMPVSMAK,472.749933997404,472.5,473.0,472.749933997404,2,False
HLA-A*03:01,FMGRIRSVY,2337.0,2337.0,2337.0,2337.0,1,True
HLA-A*03:01,FRYMNSQGL,36320.0,36320.0,36320.0,36320.0,1,True
HLA-A*03:01,GHYTHITAK,1005.8,1005.8,1005.8,1005.8,1,False
HLA-A*03:01,GLMWLSYFV,33025.0,33025.0,33025.0,33025.0,1,False
HLA-A*03:01,GMKRSFYVY,4597.5,4597.5,4597.5,4597.5,1,False
HLA-A*03:01,GTDSGFAAY,713.9,713.9,713.9,713.9,1,False
HLA-A*03:01,GTLSYDNLK,365.22493079340154,365.0,365.45,365.22493079340154,2,False
HLA-A*03:01,GVAMPNLYK,59.91994669543693,59.84,60.0,59.91994669543693,2,True
HLA-A*03:01,ILHCANFNV,7787.5,7787.5,7787.5,7787.5,1,True
HLA-A*03:01,ITCVVIPSK,1880.7499834842874,1880.5,1881.0,1880.7499834842874,2,False
HLA-A*03:01,KCYGVSATK,2069.0000001000003,2069.0,2069.0,2069.0000001000003,2,False
HLA-A*03:01,KLFAAETLK,375.8749793151642,375.75,376.0,375.8749793151642,2,True
HLA-A*03:01,KLMPICMDV,7130.5,7130.5,7130.5,7130.5,1,False
HLA-A*03:01,KLWAQCVQL,2856.0,2856.0,2856.0,2856.0,1,True
HLA-A*03:01,KMKELSPRW,5747.0,5747.0,5747.0,5747.0,1,False
HLA-A*03:01,KMQRMLLEK,304.9499960009675,304.9,305.0,304.9499960009675,2,True
HLA-A*03:01,KMSEYKGPV,10650.0,10650.0,10650.0,10650.0,1,False
HLA-A*03:01,KQYNVTQAF,6350.0,6350.0,6350.0,6350.0,1,False
HLA-A*03:01,KRFQPFQQF,7770.0,7770.0,7770.0,7770.0,1,False
HLA-A*03:01,KSDGTGTIY,14660.0,14660.0,14660.0,14660.0,1,True
HLA-A*03:01,KSHNVSLIW,3882.5,3882.5,3882.5,3882.5,1,False
HLA-A*03:01,KSYEHQTPF,89.77,89.77,89.77,89.77,1,False
HLA-A*03:01,KTFPPTEPK,186.22486417566523,186.0,186.45,186.22486417566523,2,True
HLA-A*03:01,KVIQPRVEK,594.774957541888,594.55,595.0,594.774957541888,2,False
HLA-A*03:01,LADTSLSGY,18705.0,18705.0,18705.0,18705.0,1,False
HLA-A*03:01,LIGANYLGK,999.0000000999997,999.0,999.0,999.0000000999997,2,False
HLA-A*03:01,LLALQQLEV,2023.0,2023.0,2023.0,2023.0,1,False
HLA-A*03:01,LSDDAVVCY,9257.5,9257.5,9257.5,9257.5,1,False
HLA-A*03:01,LTDDMIAAY,19290.0,19290.0,19290.0,19290.0,1,False
HLA-A*03:01,MTNRQFHQK,88.24465999508978,88.0,88.49,88.24465999508978,2,True
HLA-A*03:01,QLFKPLTKK,215.0499942873983,215.0,215.1,215.0499942873983,2,False
HLA-A*03:01,RHYSASFKK,341.3,341.3,341.3,341.3,1,False
HLA-A*03:01,RLYYDSMSY,57.00877135538007,52.0,62.5,57.00877135538007,2,True
HLA-A*03:01,RVDFCGKGY,1891.0,1891.0,1891.0,1891.0,1,True
HLA-A*03:01,RVFNNYMPY,358.09998613741953,358.0,358.2,358.09998613741953,2,False
HLA-A*03:01,SSNVANYQK,442.0749937379574,442.0,442.15,442.0749937379574,2,True
HLA-A*03:01,SSSLTSLLK,276.0499955718348,276.0,276.1,276.0499955718348,2,False
HLA-A*03:01,STDDCFANK,2359.749986857072,2359.5,2360.0,2359.749986857072,2,False
HLA-A*03:01,TSNPKTPKY,1233.5,1233.5,1233.5,1233.5,1,False
HLA-A*03:01,VLWAHGFEL,2333.0,2333.0,2333.0,2333.0,1,True
HLA-A*03:01,VQTVRTQVY,6618.5,6618.5,6618.5,6618.5,1,False
HLA-A*03:01,VRFPNITNL,8000.0,8000.0,8000.0,8000.0,1,True
HLA-A*03:01,VTFQGKFKK,320.89998451882184,320.8,321.0,320.89998451882184,2,False
HLA-A*03:01,VVDKYFDCY,1916.5,1916.5,1916.5,1916.5,1,True
HLA-A*03:01,VVYRGTTTY,42.05995730397262,42.0,42.12,42.05995730397262,2,True
HLA-A*03:01,YIFFASFYY,1004.6694979959475,858.3,1176.0,1004.6694979959475,2,True
HLA-A*11:01,AIKCVDIVK,326.92499149710954,326.85,327.0,326.92499149710954,2,False
HLA-A*11:01,AITTSNCAK,53.84979118594613,53.7,54.0,53.84979118594613,2,False
HLA-A*11:01,ALRANSAVK,1760.0000001000003,1760.0,1760.0,1760.0000001000003,2,True
HLA-A*11:01,ASHFISNSW,53000.0,53000.0,53000.0,53000.0,1,False
HLA-A*11:01,ASLPTTIAK,18.814090564335018,18.63,19.0,18.814090564335018,2,False
HLA-A*11:01,ATFSVPMEK,28.24889388365499,28.0,28.5,28.24889388365499,2,False
HLA-A*11:01,ATNNVFRLK,232.89997863155764,232.8,233.0,232.89997863155764,2,False
HLA-A*11:01,ATVVIGTSK,30.129719647318332,30.0,30.26,30.129719647318332,2,True
HLA-A*11:01,AVAVHDFFK,280.77490994772836,280.55,281.0,280.77490994772836,2,False
HLA-A*11:01,AVDPAKAYK,124.17487678606734,124.0,124.35,124.17487678606734,2,False
HLA-A*11:01,AVLQSGFRK,80.09993767800324,80.0,80.2,80.09993767800324,2,True
HLA-A*11:01,CTDDNALAY,700.6,700.6,700.6,700.6,1,True
HLA-A*11:01,DRYPANAIV,25390.0,25390.0,25390.0,25390.0,1,False
HLA-A*11:01,EHYVRITGL,24320.0,24320.0,24320.0,24320.0,1,True
HLA-A*11:01,ERSDKSYEH,16810.0,16810.0,16810.0,16810.0,1,False
HLA-A*11:01,EVMPVSMAK,19.208852226044115,19.0,19.42,19.208852226044115,2,False
HLA-A*11:01,FMGRIRSVY,18235.0,18235.0,18235.0,18235.0,1,True
HLA-A*11:01,FPPTSFGPL,3015.0,3015.0,3015.0,3015.0,1,True
HLA-A*11:01,FRYMNSQGL,21850.0,21850.0,21850.0,21850.0,1,True
HLA-A*11:01,FVDGVPFVV,23115.0,23115.0,23115.0,23115.0,1,True
HLA-A*11:01,GHYTHITAK,8380.5,8380.5,8380.5,8380.5,1,False
HLA-A*11:01,GMKRSFYVY,6037.0,6037.0,6037.0,6037.0,1,False
HLA-A*11:01,GQTGVIADY,27330.0,27330.0,27330.0,27330.0,1,False
HLA-A*11:01,GRLQSLQTY,26870.0,26870.0,26870.0,26870.0,1,True
HLA-A*11:01,GTDSGFAAY,103.47,103.47,103.47,103.47,1,False
HLA-A*11:01,GTLSYDNLK,47.7694464020047,47.54,48.0,47.7694464020047,2,False
HLA-A*11:01,GVAMPNLYK,72.8197776333051,72.64,73.0,72.8197776333051,2,True
HLA-A*11:01,HADQLTPAW,44935.0,44935.0,44935.0,44935.0,1,False
HLA-A*11:01,HPLSHFVNL,12835.0,12835.0,12835.0,12835.0,1,False
HLA-A*11:01,HTLESPVEF,53945.0,53945.0,53945.0,53945.0,1,False
HLA-A*11:01,IQQLPETYF,51025.0,51025.0,51025.0,51025.0,1,False
HLA-A*11:01,ISDYDYYRY,9361.0,9361.0,9361.0,9361.0,1,True
HLA-A*11:01,ITCVVIPSK,290.2249128831724,290.0,290.45,290.2249128831724,2,False
HLA-A*11:01,KCYGVSATK,8375.74999636898,8375.5,8376.0,8375.74999636898,2,False
HLA-A*11:01,KLFAAETLK,233.7498664101221,233.5,234.0,233.7498664101221,2,True
HLA-A*11:01,KMKELSPRW,30155.0,30155.0,30155.0,30155.0,1,False
HLA-A*11:01,KMQRMLLEK,340.79994141454887,340.6,341.0,340.79994141454887,2,True
HLA-A*11:01,KQYNVTQAF,28350.0,28350.0,28350.0,28350.0,1,False
HLA-A*11:01,KRFQPFQQF,32695.0,32695.0,32695.0,32695.0,1,False
HLA-A*11:01,KRSQDSPLK,7008.5,7008.5,7008.5,7008.5,1,False
HLA-A*11:01,KRVDWSVEY,8736.5,8736.5,8736.5,8736.5,1,False
HLA-A*11:01,KSHNVSLIW,5285.5,5285.5,5285.5,5285.5,1,False
HLA-A*11:01,KSYEHQTPF,837.0,837.0,837.0,837.0,1,False
HLA-A*11:01,KTFPPTEPK,69.81976807440714,69.64,70.0,69.81976807440714,2,True
HLA-A*11:01,KTTFKPNTW,32645.0,32645.0,32645.0,32645.0,1,False
HLA-A*11:01,KVIQPRVEK,167.74981381077595,167.5,168.0,167.74981381077595,2,False
HLA-A*11:01,LIGANYLGK,1469.74997883788,1469.5,1470.0,1469.74997883788,2,False
HLA-A*11:01,LPYPDPSRI,2259.0,2259.0,2259.0,2259.0,1,True
HLA-A*11:01,LQSLENVAY,44730.0,44730.0,44730.0,44730.0,1,False
HLA-A*11:01,LSDDAVVCY,22320.0,22320.0,22320.0,22320.0,1,False
HLA-A*11:01,LTDDMIAAY,4046.0,4046.0,4046.0,4046.0,1,False
HLA-A*11:01,MTNRQFHQK,144.94999147633644,144.9,145.0,144.94999147633644,2,True
HLA-A*11:01,NPKTPKYKF,3961.0,3961.0,3961.0,3961.0,1,True
HLA-A*11:01,NQATTKTTF,79895.0,79895.0,79895.0,79895.0,1,False
HLA-A*11:01,QLFKPLTKK,236.87496711846748,236.75,237.0,236.87496711846748,2,False
HLA-A*11:01,RHYSASFKK,705.15,705.15,705.15,705.15,1,False
HLA-A*11:01,RLYYDSMSY,237.02499878157383,237.0,237.05,237.02499878157383,2,True
HLA-A*11:01,RVDFCGKGY,7729.0,7729.0,7729.0,7729.0,1,True
HLA-A*11:01,RVFNNYMPY,41.94496404085954,41.89,42.0,41.94496404085954,2,False
HLA-A*11:01,SALNHTKKW,17080.0,17080.0,17080.0,17080.0,1,True
HLA-A*11:01,SSLPSYAAY,389.5,389.5,389.5,389.5,1,False
HLA-A*11:01,SSNVANYQK,22.92487741701142,22.85,23.0,22.92487741701142,2,True
HLA-A*11:01,SSSLTSLLK,50.91993725628501,50.84,51.0,50.91993725628501,2,False
HLA-A*11:01,STDDCFANK,79.98499869348625,79.97,80.0,79.98499869348625,2,False
HLA-A*11:01,TCDGNTFTY,2479.5,2479.5,2479.5,2479.5,1,False
HLA-A*11:01,TLMNVITLV,26930.0,26930.0,26930.0,26930.0,1,False
HLA-A*11:01,TLVPQEHYV,43185.0,43185.0,43185.0,43185.0,1,True
HLA-A*11:01,TPKGPKVKY,46095.0,46095.0,46095.0,46095.0,1,True
HLA-A*11:01,TPRDLGACI,9728.5,9728.5,9728.5,9728.5,1,True
HLA-A*11:01,TPSGTWLTY,4571.0,4571.0,4571.0,4571.0,1,True
HLA-A*11:01,TQDLFLPFY,423.8,423.8,423.8,423.8,1,False
HLA-A*11:01,TSNPKTPKY,14285.0,14285.0,14285.0,14285.0,1,False
HLA-A*11:01,TSSDTYACW,19395.0,19395.0,19395.0,19395.0,1,False
HLA-A*11:01,TTLPVNVAF,27345.0,27345.0,27345.0,27345.0,1,True
HLA-A*11:01,TTTLEETKF,108670.0,108670.0,108670.0,108670.0,1,True
HLA-A*11:01,VPGLPGTVL,4547.33,4547.33,4547.33,4547.33,1,False
HLA-A*11:01,VPSGDVVRF,35720.0,35720.0,35720.0,35720.0,1,False
HLA-A*11:01,VQQESSFVM,20675.0,20675.0,20675.0,20675.0,1,False
HLA-A*11:01,VQTVRTQVY,44730.0,44730.0,44730.0,44730.0,1,False
HLA-A*11:01,VRDPKTSEI,23475.0,23475.0,23475.0,23475.0,1,False
HLA-A*11:01,VRFPNITNL,18600.0,18600.0,18600.0,18600.0,1,True
HLA-A*11:01,VTFQGKFKK,91.20476971212086,91.0,91.41,91.20476971212086,2,False
HLA-A*11:01,VVDKYFDCY,1490.0,1490.0,1490.0,1490.0,1,True
HLA-A*11:01,VVYRGTTTY,117.17486941932131,117.0,117.35,117.17486941932131,2,True
HLA-A*11:01,YIFFASFYY,346.9499964971754,346.9,347.0,346.9499964971754,2,True
HLA-A*11:01,YQKVGMQKY,34445.0,34445.0,34445.0,34445.0,1,True
HLA-A*26:01,FADINGKLY,561.5,561.5,561.5,561.5,1,False
HLA-A*26:01,RVFNNYMPY,108.0,108.0,108.0,108.0,1,False
HLA-A*26:01,TLMNVITLV,1118.0,1118.0,1118.0,1118.0,1,False
HLA-A*26:01,YIFFASFYY,527.0,527.0,527.0,527.0,1,True
HLA-A*31:01,ALRANSAVK,479.0,479.0,479.0,479.0,1,True
HLA-A*31:01,ATFSVPMEK,141.0,141.0,141.0,141.0,1,False
HLA-A*31:01,AVDPAKAYK,293.0,293.0,293.0,293.0,1,False
HLA-A*31:01,AVLQSGFRK,186.5,186.5,186.5,186.5,1,True
HLA-A*31:01,FMGRIRSVY,123.0,123.0,123.0,123.0,1,True
HLA-A*31:01,GMKRSFYVY,224.5,224.5,224.5,224.5,1,False
HLA-A*31:01,HTLESPVEF,1401.5,1401.5,1401.5,1401.5,1,False
HLA-A*31:01,ILHCANFNV,798.33,798.33,798.33,798.33,1,True
HLA-A*31:01,KCYGVSATK,3517.0,3517.0,3517.0,3517.0,1,False
HLA-A*31:01,KLFAAETLK,173.0,173.0,173.0,173.0,1,True
HLA-A*31:01,KLFIRQEEV,129.5,129.5,129.5,129.5,1,True
HLA-A*31:01,KLWAQCVQL,303.5,303.5,303.5,303.5,1,True
HLA-A*31:01,KMSEYKGPV,2086.0,2086.0,2086.0,2086.0,1,False
HLA-A*31:01,KQFDTYNLW,1348.5,1348.5,1348.5,1348.5,1,True
HLA-A*31:01,KQYNVTQAF,448.5,448.5,448.5,448.5,1,False
HLA-A*31:01,KSHNVSLIW,2638.5,2638.5,2638.5,2638.5,1,False
HLA-A*31:01,KSYEHQTPF,186.33,186.33,186.33,186.33,1,False
HLA-A*31:01,KTFPPTEPK,96.33,96.33,96.33,96.33,1,True
HLA-A*31:01,KVIQPRVEK,427.0,427.0,427.0,427.0,1,False
HLA-A*31:01,QLFKPLTKK,980.5,980.5,980.5,980.5,1,False
HLA-A*31:01,RHYSASFKK,1250.67,1250.67,1250.67,1250.67,1,False
HLA-A*31:01,RLYYDSMSY,6936.5,6936.5,6936.5,6936.5,1,True
HLA-A*31:01,RVFNNYMPY,896.33,896.33,896.33,896.33,1,False
HLA-A*31:01,VLWAHGFEL,305.0,305.0,305.0,305.0,1,True
HLA-A*31:01,VTFQGKFKK,70.33,70.33,70.33,70.33,1,False
HLA-A*69:01,ALWEIQQVV,202.0,202.0,202.0,202.0,1,True
HLA-A*69:01,EVMPVSMAK,170.0,170.0,170.0,170.0,1,False
HLA-A*69:01,FPPTSFGPL,53.5,53.5,53.5,53.5,1,True
HLA-A*69:01,FVDGVPFVV,23.33,23.33,23.33,23.33,1,True
HLA-A*69:01,GHYTHITAK,23605.0,23605.0,23605.0,23605.0,1,False
HLA-A*69:01,GLMWLSYFV,347.0,347.0,347.0,347.0,1,False
HLA-A*69:01,HPLSHFVNL,53.67,53.67,53.67,53.67,1,False
HLA-A*69:01,ILGTVSWNL,22940.0,22940.0,22940.0,22940.0,1,True
HLA-A*69:01,ILHCANFNV,190.0,190.0,190.0,190.0,1,True
HLA-A*69:01,KLFAAETLK,15865.0,15865.0,15865.0,15865.0,1,True
HLA-A*69:01,LLALQQLEV,242.5,242.5,242.5,242.5,1,False
HLA-A*69:01,MPASWVMRI,17.0,17.0,17.0,17.0,1,True
HLA-A*69:01,SLAIDAYPL,271.5,271.5,271.5,271.5,1,True
HLA-A*69:01,TLVPQEHYV,79.5,79.5,79.5,79.5,1,True
HLA-A*69:01,TTLPVNVAF,20.0,20.0,20.0,20.0,1,True
HLA-A*69:01,VLWAHGFEL,65.5,65.5,65.5,65.5,1,True
HLA-A*69:01,YIFFASFYY,737.5,737.5,737.5,737.5,1,True
HLA-B*07:02,EVMPVSMAK,2771.5,2771.5,2771.5,2771.5,1,False
HLA-B*07:02,FPPTSFGPL,85.06,85.06,85.06,85.06,1,True
HLA-B*07:02,FPREGVFVF,130.95,130.95,130.95,130.95,1,False
HLA-B*07:02,FPRGQGVPI,33.5,33.5,33.5,33.5,1,True
HLA-B*07:02,HADQLTPAW,21080.0,21080.0,21080.0,21080.0,1,False
HLA-B*07:02,HPLSHFVNL,684.0,684.0,684.0,684.0,1,False
HLA-B*07:02,IPRRNVATL,23.5,23.5,23.5,23.5,1,True
HLA-B*07:02,KLMPICMDV,20035.0,20035.0,20035.0,20035.0,1,False
HLA-B*07:02,KSYEHQTPF,5723.5,5723.5,5723.5,5723.5,1,False
HLA-B*07:02,LPIDKCSRI,1295.0,1295.0,1295.0,1295.0,1,True
HLA-B*07:02,LPYPDPSRI,1565.0,1565.0,1565.0,1565.0,1,True
HLA-B*07:02,MPASWVMRI,508.0,508.0,508.0,508.0,1,True
HLA-B*07:02,NPKTPKYKF,28620.0,28620.0,28620.0,28620.0,1,True
HLA-B*07:02,NQATTKTTF,19785.0,19785.0,19785.0,19785.0,1,False
HLA-B*07:02,SLAIDAYPL,33410.0,33410.0,33410.0,33410.0,1,True
HLA-B*07:02,TPRDLGACI,188.35,188.35,188.35,188.35,1,True
HLA-B*07:02,TPSGTWLTY,7019.0,7019.0,7019.0,7019.0,1,True
HLA-B*07:02,TTLPVNVAF,5765.0,5765.0,5765.0,5765.0,1,True
HLA-B*07:02,VLWAHGFEL,6179.5,6179.5,6179.5,6179.5,1,True
HLA-B*07:02,VPGLPGTVL,91.45,91.45,91.45,91.45,1,False
HLA-B*07:02,VPSGDVVRF,2331.0,2331.0,2331.0,2331.0,1,False
HLA-B*07:02,VQTVRTQVY,16705.0,16705.0,16705.0,16705.0,1,False
HLA-B*07:02,VRDPKTSEI,565.55,565.55,565.55,565.55,1,False
HLA-B*07:02,VRFPNITNL,21825.0,21825.0,21825.0,21825.0,1,True
HLA-B*08:01,EHYVRITGL,3528.0,3528.0,3528.0,3528.0,1,True
HLA-B*08:01,FMGRIRSVY,604.5,604.5,604.5,604.5,1,True
HLA-B*08:01,FPREGVFVF,116.0,116.0,116.0,116.0,1,False
HLA-B*08:01,FPRGQGVPI,129.5,129.5,129.5,129.5,1,True
HLA-B*08:01,FRYMNSQGL,7925.5,7925.5,7925.5,7925.5,1,True
HLA-B*08:01,HPLSHFVNL,1662.0,1662.0,1662.0,1662.0,1,False
HLA-B*08:01,IPRRNVATL,71.0,71.0,71.0,71.0,1,True
HLA-B*08:01,KLFIRQEEV,2848.33,2848.33,2848.33,2848.33,1,True
HLA-B*08:01,KSYEHQTPF,14415.0,14415.0,14415.0,14415.0,1,False
HLA-B*08:01,LPIDKCSRI,2444.0,2444.0,2444.0,2444.0,1,True
HLA-B*08:01,NPKTPKYKF,1153.0,1153.0,1153.0,1153.0,1,True
HLA-B*08:01,NQATTKTTF,7149.5,7149.5,7149.5,7149.5,1,False
HLA-B*08:01,SLAIDAYPL,9192.5,9192.5,9192.5,9192.5,1,True
HLA-B*08:01,VLWAHGFEL,3198.5,3198.5,3198.5,3198.5,1,True
HLA-B*08:01,YRYLRHGKL,104.5,104.5,104.5,104.5,1,False
HLA-B*15:01,ALWEIQQVV,869.15,869.15,869.15,869.15,1,True
HLA-B*15:01,ASHFISNSW,11397.5,11397.5,11397.5,11397.5,1,False
HLA-B*15:01,CADGTRHTY,1259.4,1259.4,1259.4,1259.4,1,False
HLA-B*15:01,FADINGKLY,3140.0,3140.0,3140.0,3140.0,1,False
HLA-B*15:01,FMGRIRSVY,393.0,393.0,393.0,393.0,1,True
HLA-B*15:01,FPREGVFVF,2137.5,2137.5,2137.5,2137.5,1,False
HLA-B*15:01,FTERSDKSY,496.6,496.6,496.6,496.6,1,False
HLA-B*15:01,GMKRSFYVY,402.5,402.5,402.5,402.5,1,False
HLA-B*15:01,GQTGVIADY,129.0,129.0,129.0,129.0,1,False
HLA-B*15:01,HTLESPVEF,1440.5,1440.5,1440.5,1440.5,1,False
HLA-B*15:01,ILGLPTQTV,1604.0,1604.0,1604.0,1604.0,1,True
HLA-B*15:01,IQQLPETYF,188.1,188.1,188.1,188.1,1,False
HLA-B*15:01,KLFAAETLK,21275.0,21275.0,21275.0,21275.0,1,True
HLA-B*15:01,KLFIRQEEV,14890.0,14890.0,14890.0,14890.0,1,True
HLA-B*15:01,KLMPICMDV,2541.0,2541.0,2541.0,2541.0,1,False
HLA-B*15:01,KMKELSPRW,1195.4,1195.4,1195.4,1195.4,1,False
HLA-B*15:01,KMQRMLLEK,40280.0,40280.0,40280.0,40280.0,1,True
HLA-B*15:01,KMSEYKGPV,6666.5,6666.5,6666.5,6666.5,1,False
HLA-B*15:01,KQFDTYNLW,241.5,241.5,241.5,241.5,1,True
HLA-B*15:01,KQYNVTQAF,87.07,87.07,87.07,87.07,1,False
HLA-B*15:01,KRVDWSVEY,2720.5,2720.5,2720.5,2720.5,1,False
HLA-B*15:01,KSDGTGTIY,847.8,847.8,847.8,847.8,1,True
HLA-B*15:01,KSHNVSLIW,8995.0,8995.0,8995.0,8995.0,1,False
HLA-B*15:01,KSYEHQTPF,168.7,168.7,168.7,168.7,1,False
HLA-B*15:01,LADTSLSGY,1991.5,1991.5,1991.5,1991.5,1,False
HLA-B*15:01,LLALQQLEV,3793.0,3793.0,3793.0,3793.0,1,False
HLA-B*15:01,LQIPFAMQM,180.5,180.5,180.5,180.5,1,True
HLA-B*15:01,LQSLENVAY,161.0,161.0,161.0,161.0,1,False
HLA-B*15:01,LSDDAVVCY,473.7,473.7,473.7,473.7,1,False
HLA-B*15:01,LTDDMIAAY,635.9,635.9,635.9,635.9,1,False
HLA-B*15:01,NQATTKTTF,203.05,203.05,203.05,203.05,1,False
HLA-B*15:01,NQDLNGNWY,15275.0,15275.0,15275.0,15275.0,1,True
HLA-B*15:01,RLYYDSMSY,129.95,129.95,129.95,129.95,1,True
HLA-B*15:01,RVDFCGKGY,1087.15,1087.15,1087.15,1087.15,1,True
HLA-B*15:01,RVFNNYMPY,560.95,560.95,560.95,560.95,1,False
HLA-B*15:01,SLAIDAYPL,1076.7,1076.7,1076.7,1076.7,1,True
HLA-B*15:01,SSLPSYAAY,52.57,52.57,52.57,52.57,1,False
HLA-B*15:01,TLMNVITLV,6117.5,6117.5,6117.5,6117.5,1,False
HLA-B*15:01,TQDLFLPFY,1707.0,1707.0,1707.0,1707.0,1,False
HLA-B*15:01,TSNPKTPKY,393.3,393.3,393.3,393.3,1,False
HLA-B*15:01,TTLPVNVAF,1755.5,1755.5,1755.5,1755.5,1,True
HLA-B*15:01,VLWAHGFEL,617.4,617.4,617.4,617.4,1,True
HLA-B*15:01,VQQESSFVM,67.38,67.38,67.38,67.38,1,False
HLA-B*15:01,VQTVRTQVY,144.5,144.5,144.5,144.5,1,False
HLA-B*15:01,VVYRGTTTY,110.01,110.01,110.01,110.01,1,True
HLA-B*15:01,YIFFASFYY,3713.5,3713.5,3713.5,3713.5,1,True
HLA-B*15:01,YQKVGMQKY,155.0,155.0,155.0,155.0,1,True
HLA-B*27:05,ATFSVPMEK,19025.0,19025.0,19025.0,19025.0,1,False
HLA-B*27:05,EHYVRITGL,46910.0,46910.0,46910.0,46910.0,1,True
HLA-B*27:05,ERSDKSYEH,8450.0,8450.0,8450.0,8450.0,1,False
HLA-B*27:05,FRYMNSQGL,51.33,51.33,51.33,51.33,1,True
HLA-B*27:05,GHYTHITAK,4507.0,4507.0,4507.0,4507.0,1,False
HLA-B*27:05,GMKRSFYVY,2984.0,2984.0,2984.0,2984.0,1,False
HLA-B*27:05,GQTGVIADY,935.5,935.5,935.5,935.5,1,False
HLA-B*27:05,GRLQSLQTY,154.7,154.7,154.7,154.7,1,True
HLA-B*27:05,HPLSHFVNL,144800.0,144800.0,144800.0,144800.0,1,False
HLA-B*27:05,KLFAAETLK,2179.5,2179.5,2179.5,2179.5,1,True
HLA-B*27:05,KMKELSPRW,5248.0,5248.0,5248.0,5248.0,1,False
HLA-B*27:05,KQFDTYNLW,13287.0,13287.0,13287.0,13287.0,1,True
HLA-B*27:05,KQYNVTQAF,538.5,538.5,538.5,538.5,1,False
HLA-B*27:05,KRFQPFQQF,151.2,151.2,151.2,151.2,1,False
HLA-B*27:05,KRSQDSPLK,1100.0,1100.0,1100.0,1100.0,1,False
HLA-B*27:05,KRVDWSVEY,258.2,258.2,258.2,258.2,1,False
HLA-B*27:05,KSYEHQTPF,4415.5,4415.5,4415.5,4415.5,1,False
HLA-B*27:05,RHYSASFKK,282.23,282.23,282.23,282.23,1,False
HLA-B*27:05,RLYYDSMSY,4810.5,4810.5,4810.5,4810.5,1,True
HLA-B*27:05,RVDFCGKGY,3889.0,3889.0,3889.0,3889.0,1,True
HLA-B*27:05,RVFNNYMPY,4011.5,4011.5,4011.5,4011.5,1,False
HLA-B*27:05,SRYWEPEFY,1185.5,1185.5,1185.5,1185.5,1,True
HLA-B*27:05,TLMNVITLV,10063.5,10063.5,10063.5,10063.5,1,False
HLA-B*27:05,VQQESSFVM,4772.0,4772.0,4772.0,4772.0,1,False
HLA-B*27:05,VRFPNITNL,787.15,787.15,787.15,787.15,1,True
HLA-B*27:05,YQKVGMQKY,3673.0,3673.0,3673.0,3673.0,1,True
HLA-B*27:05,YRYLRHGKL,78.63,78.63,78.63,78.63,1,False
HLA-B*40:01,AEDMLNPNY,4387.0,4387.0,4387.0,4387.0,1,False
HLA-B*40:01,FADINGKLY,71295.0,71295.0,71295.0,71295.0,1,False
HLA-B*40:01,FRYMNSQGL,45530.0,45530.0,45530.0,45530.0,1,True
HLA-B*40:01,KQYNVTQAF,5326.5,5326.5,5326.5,5326.5,1,False
HLA-B*40:01,KSYEHQTPF,91395.0,91395.0,91395.0,91395.0,1,False
HLA-B*40:01,LQIPFAMQM,4038.5,4038.5,4038.5,4038.5,1,True
HLA-B*40:01,NQATTKTTF,57340.0,57340.0,57340.0,57340.0,1,False
HLA-B*40:01,SLAIDAYPL,31485.0,31485.0,31485.0,31485.0,1,True
HLA-B*40:01,VQQESSFVM,7456.0,7456.0,7456.0,7456.0,1,False
HLA-B*40:01,VQTVRTQVY,168400.0,168400.0,168400.0,168400.0,1,False
HLA-B*58:01,ASHFISNSW,72.0,72.0,72.0,72.0,1,False
HLA-B*58:01,CADGTRHTY,1213.65,1213.65,1213.65,1213.65,1,False
HLA-B*58:01,CTDDNALAY,8283.5,8283.5,8283.5,8283.5,1,True
HLA-B*58:01,ERSDKSYEH,1841.0,1841.0,1841.0,1841.0,1,False
HLA-B*58:01,FADINGKLY,2248.5,2248.5,2248.5,2248.5,1,False
HLA-B*58:01,FMGRIRSVY,6005.0,6005.0,6005.0,6005.0,1,True
HLA-B*58:01,FTDGVCLFW,172.2,172.2,172.2,172.2,1,True
HLA-B*58:01,FTERSDKSY,2798.0,2798.0,2798.0,2798.0,1,False
HLA-B*58:01,GTDSGFAAY,11565.0,11565.0,11565.0,11565.0,1,False
HLA-B*58:01,HADQLTPAW,29.02,29.02,29.02,29.02,1,False
HLA-B*58:01,HTLESPVEF,98.1,98.1,98.1,98.1,1,False
HLA-B*58:01,ILGTVSWNL,804.4,804.4,804.4,804.4,1,True
HLA-B*58:01,IQQLPETYF,23380.0,23380.0,23380.0,23380.0,1,False
HLA-B*58:01,ISDYDYYRY,1630.0,1630.0,1630.0,1630.0,1,True
HLA-B*58:01,KMKELSPRW,420.0,420.0,420.0,420.0,1,False
HLA-B*58:01,KQFDTYNLW,104.63,104.63,104.63,104.63,1,True
HLA-B*58:01,KQYNVTQAF,1008.05,1008.05,1008.05,1008.05,1,False
HLA-B*58:01,KSDGTGTIY,174.1,174.1,174.1,174.1,1,True
HLA-B*58:01,KSHNVSLIW,154.6,154.6,154.6,154.6,1,False
HLA-B*58:01,KSYEHQTPF,88.0,88.0,88.0,88.0,1,False
HLA-B*58:01,KTTFKPNTW,157.35,157.35,157.35,157.35,1,False
HLA-B*58:01,LADTSLSGY,654.1,654.1,654.1,654.1,1,False
HLA-B*58:01,LQIPFAMQM,986.2,986.2,986.2,986.2,1,True
HLA-B*58:01,LSDDAVVCY,299.7,299.7,299.7,299.7,1,False
HLA-B*58:01,LSDHQDLKW,26.6,26.6,26.6,26.6,1,False
HLA-B*58:01,LTDDMIAAY,6944.5,6944.5,6944.5,6944.5,1,False
HLA-B*58:01,NQATTKTTF,9267.0,9267.0,9267.0,9267.0,1,False
HLA-B*58:01,RLYYDSMSY,778.25,778.25,778.25,778.25,1,True
HLA-B*58:01,RVFNNYMPY,842.4,842.4,842.4,842.4,1,False
HLA-B*58:01,SALNHTKKW,349.55,349.55,349.55,349.55,1,True
HLA-B*58:01,SSLPSYAAY,286.5,286.5,286.5,286.5,1,False
HLA-B*58:01,TQDLFLPFY,31495.0,31495.0,31495.0,31495.0,1,False
HLA-B*58:01,TSNPKTPKY,212.5,212.5,212.5,212.5,1,False
HLA-B*58:01,TSSDTYACW,14.48,14.48,14.48,14.48,1,False
HLA-B*58:01,TTLPVNVAF,328.5,328.5,328.5,328.5,1,True
HLA-B*58:01,TTTLEETKF,11665.0,11665.0,11665.0,11665.0,1,True
HLA-B*58:01,VLWAHGFEL,1855.5,1855.5,1855.5,1855.5,1,True
HLA-B*58:01,VVYRGTTTY,280.95,280.95,280.95,280.95,1,True
HLA-B*58:01,YIFFASFYY,3120.0,3120.0,3120.0,3120.0,1,True
HLA-C*03:03,KSYEHQTPF,35.0,35.0,35.0,35.0,1,False
HLA-C*04:01,CTDDNALAY,20000.0,20000.0,20000.0,20000.0,1,True
HLA-C*04:01,FADINGKLY,20000.0,20000.0,20000.0,20000.0,1,False
HLA-C*04:01,HTLESPVEF,20000.0,20000.0,20000.0,20000.0,1,False
HLA-C*04:01,SYCNGVREL,20000.0,20000.0,20000.0,20000.0,1,False
HLA-C*05:01,APYMVGDVI,20000.0,20000.0,20000.0,20000.0,1,False
HLA-C*05:01,FPPTSFGPL,20000.0,20000.0,20000.0,20000.0,1,True
HLA-C*06:02,FRYMNSQGL,2.0,2.0,2.0,2.0,1,True
HLA-C*06:02,SYCNGVREL,133.0,133.0,133.0,133.0,1,False
HLA-C*07:02,FPREGVFVF,510.0,510.0,510.0,510.0,1,False
HLA-C*07:02,KRVDWSVEY,261.0,261.0,261.0,261.0,1,False
HLA-C*07:02,NYMPYVFTL,1.0,1.0,1.0,1.0,1,False
HLA-C*08:02,CTDDNALAY,20000.0,20000.0,20000.0,20000.0,1,True
HLA-C*08:02,FADINGKLY,1.0,1.0,1.0,1.0,1,False
HLA-C*08:02,KSYEHQTPF,20000.0,20000.0,20000.0,20000.0,1,False
HLA-C*12:03,KSYEHQTPF,14.0,14.0,14.0,14.0,1,False
HLA-C*14:02,KQYNVTQAF,2.0,2.0,2.0,2.0,1,False
HLA-C*14:02,KSYEHQTPF,93.0,93.0,93.0,93.0,1,False
HLA-C*14:02,VRFPNITNL,213.0,213.0,213.0,213.0,1,True
HLA-C*15:02,KSYEHQTPF,11.0,11.0,11.0,11.0,1,False
HLA-C*15:02,LQIPFAMQM,110.0,110.0,110.0,110.0,1,True
