allele,peptide,netmhcpan4_el,netmhcpan4_el_rank,netmhcpan4_ba,netmhcpan4_ba_score,netmhcpan4_ba_rank
H2-Db,AAIENYVRF,0.950225,0.0057,55.8,0.628286,0.0146
H2-Db,AAVKNWMTQTL,0.775703,0.0308,109.4,0.566036,0.0319
H2-Db,AGPHNDMEI,0.811339,0.0223,229.9,0.497439,0.0574
H2-Db,ASNENMDAM,0.944019,0.0065,20.9,0.719181,0.0085
H2-Db,ASNENMDTM,0.975065,0.0029,9.5,0.791758,0.0063
H2-Db,ASNENMEAM,0.957192,0.0049,20.9,0.719247,0.0085
H2-Db,ASNENMETM,0.980276,0.0023,9.5,0.79155,0.0063
H2-Db,ASNENMEVM,0.969669,0.0035,13.9,0.75692,0.0073
H2-Db,ASNENTETM,0.972156,0.0032,13.8,0.757309,0.0073
H2-Db,ASNENVETM,0.982773,0.002,10.5,0.782971,0.0065
H2-Db,AVCINNTFL,0.548768,0.0998,722.2,0.391639,0.1811
H2-Db,AVYNFATC,0.01353,8.9096,27588.5,0.054957,16.3317
H2-Db,CCLCLTVFL,0.002147,24.9447,14935.1,0.111676,4.8944
H2-Db,CKGVNKEYL,0.056804,2.9742,5665.3,0.201267,1.3116
H2-Db,CSANNSHHYI,0.135052,1.1859,521.5,0.421732,0.1301
H2-Db,CSLWNGPHL,0.643779,0.0606,100.0,0.574401,0.0295
H2-Db,FGLLNYALV,0.713913,0.0425,19.6,0.724795,0.0083
H2-Db,FHAGSLLVFM,0.021537,6.4682,6667.8,0.186209,1.5956
H2-Db,FQPGNGQFV,0.573376,0.0864,1175.0,0.346654,0.2735
H2-Db,FQPQNGQF,0.110556,1.5052,14924.8,0.11174,4.8893
H2-Db,FQPQNGQFI,0.793597,0.0248,239.1,0.493793,0.0597
H2-Db,FRHNNVTLM,0.26621,0.4768,3165.3,0.255067,0.723
H2-Db,GAVQNEVTL,0.960453,0.0046,32.8,0.677525,0.0097
H2-Db,HGIRNASFI,0.929184,0.0082,13.5,0.75942,0.0073
H2-Db,IGMFNLTFI,0.869541,0.0142,10.0,0.787351,0.0064
H2-Db,IGVSNRDFV,0.882692,0.0129,23.4,0.708801,0.0088
H2-Db,KAVYNFAT,0.016868,7.6812,15841.6,0.10623,5.4082
H2-Db,KAVYNFATC,0.300613,0.3914,1578.9,0.31935,0.3699
H2-Db,KAVYNFATCGI,0.192052,0.744,239.7,0.49358,0.0598
H2-Db,KAVYNFATM,0.972934,0.0031,9.8,0.789439,0.0064
H2-Db,KAVYNLATC,0.265182,0.4794,1986.2,0.29814,0.4615
H2-Db,LGMGNRDFI,0.828036,0.0199,28.2,0.69138,0.0093
H2-Db,LGMSNRDFL,0.914348,0.0099,13.2,0.76157,0.0072
H2-Db,LSLRNPILV,0.6992,0.0459,119.8,0.557708,0.0342
H2-Db,NAITNAKII,0.817675,0.0214,162.7,0.529375,0.0428
H2-Db,NTSINFVKI,0.359586,0.2918,3321.6,0.250612,0.7562
H2-Db,QGINNLDNL,0.859326,0.0153,116.3,0.560419,0.0334
H2-Db,RAHYNIVTF,0.912121,0.0101,59.9,0.62176,0.0161
H2-Db,RAHYSIVTF,0.434439,0.1907,2994.3,0.260202,0.6857
H2-Db,RIVINREHL,0.775175,0.0309,278.8,0.479605,0.0742
H2-Db,RPQASGVYM,0.088451,1.9298,18417.9,0.092303,7.0941
H2-Db,RQLLNLDVL,0.92391,0.0088,16.1,0.743035,0.0078
H2-Db,SAIENYETF,0.988707,0.0013,7.2,0.817224,0.0055
H2-Db,SAINNYAQKL,0.877322,0.0135,109.1,0.56633,0.0318
H2-Db,SAITNHAAF,0.953844,0.0053,23.2,0.709256,0.0088
H2-Db,SAPMKTVTI,0.864274,0.0147,243.4,0.492149,0.0613
H2-Db,SAVKNYCSKL,0.602186,0.075,144.5,0.540359,0.0391
H2-Db,SCLENFRAYV,0.193174,0.7376,1219.4,0.343228,0.2818
H2-Db,SGPSNTPPEI,0.68127,0.0499,132.2,0.548556,0.0368
H2-Db,SGVENPGGYCL,0.326808,0.3467,698.3,0.39475,0.1761
H2-Db,SGVTNNGFI,0.782912,0.0288,75.7,0.600135,0.0223
H2-Db,SSLENFRAYV,0.759891,0.0337,37.4,0.66531,0.0104
H2-Db,SSVWNATTA,0.68463,0.0491,108.2,0.567099,0.0316
H2-Db,SSVWNATTAI,0.582325,0.0825,108.2,0.567101,0.0316
H2-Db,TSINFVKI,0.333153,0.3359,2881.0,0.263766,0.6609
H2-Db,TYQRTRALV,0.017593,7.4545,23595.7,0.069406,11.4573
H2-Db,VNIRNCCYI,0.299369,0.3935,45.6,0.646956,0.0125
H2-Db,YSLPNAGDVI,0.893394,0.0119,22.0,0.714395,0.0086
H2-Db,YSQVNKRYI,0.824157,0.0205,60.3,0.621124,0.0163
H2-Db,YTVKYPNL,0.010622,10.4826,32364.0,0.040202,24.4233
H2-Dd,AGPPRYSRI,0.792513,0.0052,105.2,0.569681,0.0084
H2-Dd,DAGPPRYSRI,0.267903,0.2009,2281.9,0.285312,0.202
H2-Dd,IGPGRAFYA,0.235318,0.2822,1293.6,0.337773,0.0919
H2-Dd,IGPGRAFYT,0.138277,0.822,2577.3,0.27406,0.2354
H2-Dd,IGPGRAFYTI,0.696833,0.0076,16.9,0.73859,0.0051
H2-Dd,IGPGRAFYTT,0.063296,2.6702,2012.3,0.296932,0.1664
H2-Dd,LGPDKSGLGF,0.229977,0.2961,1831.7,0.305625,0.1455
H2-Dd,MPYLIDFGL,0.030791,5.835,23342.6,0.070403,9.9538
H2-Dd,RGPGRAFVTI,0.813253,0.0047,8.5,0.802553,0.0039
H2-Dd,RGYVYQGL,0.175832,0.5191,6408.7,0.189872,0.8501
H2-Dd,VGPSNSPTF,0.890442,0.0027,33.8,0.674616,0.0064
H2-Dd,WGPSLYSIL,0.498665,0.022,48.7,0.640934,0.007
H2-Kb,AAFEFINSL,0.986947,0.0031,9.7,0.790228,0.017
H2-Kb,AGPHNDMEI,0.047301,8.3974,14914.4,0.111804,21.8166
H2-Kb,AGYIYYQL,0.967597,0.0076,6.2,0.83124,0.0093
H2-Kb,AILKFKSL,0.940763,0.0177,35.5,0.670152,0.0892
H2-Kb,AIVNYANL,0.959872,0.0095,14.9,0.750027,0.0316
H2-Kb,AIYSFRNA,0.80391,0.0979,51.3,0.636152,0.1241
H2-Kb,ANFKFRDL,0.947991,0.0151,11.8,0.772248,0.0232
H2-Kb,ASNENMETM,0.211608,2.2496,6206.9,0.192828,8.7526
H2-Kb,ATLTYRML,0.905714,0.0362,29.5,0.687172,0.0747
H2-Kb,AVVQFIRV,0.848435,0.07,155.9,0.533333,0.3775
H2-Kb,AVYNFATCG,0.083911,5.4042,1983.3,0.298273,3.1871
H2-Kb,AVYNFATCGI,0.380584,0.9787,181.5,0.519268,0.4311
H2-Kb,CNRIYARL,0.472249,0.643,37.2,0.665711,0.0942
H2-Kb,EVYDFAFRDL,0.421703,0.8176,426.9,0.44023,0.89
H2-Kb,FAPGNYPAL,0.773504,0.1226,175.5,0.522379,0.4162
H2-Kb,FAPLFTNL,0.927752,0.0243,22.5,0.712349,0.0546
H2-Kb,FVYLFHFM,0.692031,0.2113,29.2,0.688118,0.074
H2-Kb,GAINFINL,0.915642,0.0293,46.2,0.645766,0.1147
H2-Kb,GVYQFKSV,0.876674,0.0542,103.4,0.571254,0.2674
H2-Kb,HGIRNASFI,0.05327,7.7061,7670.6,0.173259,10.7328
H2-Kb,HNYKYRYL,0.961923,0.009,10.6,0.782132,0.0199
H2-Kb,ILSPFLPL,0.562771,0.439,86.1,0.588241,0.2217
H2-Kb,INNTFLHL,0.933399,0.0205,15.9,0.744278,0.0344
H2-Kb,ISHNFCNL,0.916111,0.0292,5.6,0.840203,0.0088
H2-Kb,ITYFFEMI,0.873445,0.0562,9.0,0.797034,0.0148
H2-Kb,ITYRFYLI,0.923486,0.0263,4.6,0.858575,0.0078
H2-Kb,KNYIFEEKL,0.905771,0.0361,34.2,0.67356,0.0859
H2-Kb,KSLTYYKL,0.920017,0.0276,19.0,0.728097,0.0434
H2-Kb,KSPWFTTL,0.948935,0.0147,15.1,0.749096,0.0321
H2-Kb,KSYNYMLL,0.982535,0.0041,3.9,0.873331,0.007
H2-Kb,LGSVYYKL,0.425131,0.8054,222.6,0.500437,0.523
H2-Kb,LSPPMAHL,0.724417,0.1712,209.6,0.506,0.4947
H2-Kb,LSYKHAIL,0.907743,0.0346,9.8,0.789466,0.0173
H2-Kb,LVLFYRPI,0.283167,1.5285,40.8,0.657322,0.1034
H2-Kb,MGLKFRQL,0.871751,0.0572,28.0,0.692001,0.0713
H2-Kb,NTSINFVKI,0.145362,3.3796,5651.6,0.20149,7.9925
H2-Kb,QTFDFGRL,0.961757,0.009,13.1,0.762184,0.0267
H2-Kb,RALEYKNL,0.940494,0.0178,40.3,0.658272,0.1025
H2-Kb,RGYVYQGL,0.96806,0.0075,9.0,0.796582,0.0149
H2-Kb,RSIDFERV,0.831918,0.0786,173.5,0.52347,0.411
H2-Kb,RSYCYLAT,0.184386,2.6191,122.7,0.555502,0.3115
H2-Kb,RSYIYYAL,0.974658,0.006,3.5,0.885412,0.0063
H2-Kb,RTFSFQLI,0.893102,0.0445,21.0,0.718584,0.0507
H2-Kb,SCLDYSHL,0.781568,0.1156,113.4,0.562764,0.2907
H2-Kb,SCLEFWQRV,0.479179,0.6188,378.2,0.451437,0.8211
H2-Kb,SGYNFSLGAAV,0.251764,1.8061,121.0,0.556754,0.3078
H2-Kb,SIFRFLNI,0.955018,0.0114,4.8,0.855865,0.008
H2-Kb,SSIEFARL,0.995957,0.001,3.4,0.885743,0.0063
H2-Kb,SSLENFRAYV,0.238195,1.9371,235.2,0.495326,0.5493
H2-Kb,SSPPMFRV,0.63428,0.3116,436.9,0.438085,0.9044
H2-Kb,SSVWNATTA,0.064505,6.6551,6423.2,0.189662,9.0438
H2-Kb,SSWDFITV,0.879219,0.0527,36.9,0.666538,0.0933
H2-Kb,SSYRRPVGI,0.824066,0.0855,64.6,0.614802,0.1647
H2-Kb,STLNFNNL,0.982697,0.0041,8.6,0.800974,0.0139
H2-Kb,SVYGFTGV,0.967063,0.0078,12.7,0.765306,0.0256
H2-Kb,SWVPRLFQL,0.710043,0.1877,168.5,0.526139,0.3989
H2-Kb,SWVPRLYQL,0.743904,0.1469,208.6,0.506429,0.4927
H2-Kb,TGFRYSYM,0.933654,0.0203,6.8,0.823218,0.0098
H2-Kb,TLPAFSTL,0.839008,0.0749,94.6,0.579533,0.2448
H2-Kb,TNYKFSLV,0.956551,0.0106,6.4,0.828619,0.0095
H2-Kb,TSINFKVI,0.674297,0.2406,261.4,0.485577,0.5996
H2-Kb,TSINFVKI,0.901936,0.039,49.2,0.639977,0.1203
H2-Kb,TSYKFESV,0.969329,0.0072,8.5,0.802614,0.0136
H2-Kb,TVYGFCLL,0.896772,0.0423,8.0,0.807245,0.0126
H2-Kb,TWYGFCLL,0.451209,0.7161,64.4,0.61499,0.1644
H2-Kb,VIDASFRL,0.341399,1.1687,1922.3,0.30116,3.1007
H2-Kb,VNFNFNGL,0.991152,0.0021,3.5,0.883787,0.0064
H2-Kb,VNLVFPSV,0.901912,0.039,15.8,0.74462,0.0342
H2-Kb,VSLQLYARL,0.960216,0.0094,5.6,0.840699,0.0088
H2-Kb,VVYDFLKC,0.781114,0.116,109.1,0.566298,0.281
H2-Kb,VWLSVIWM,0.099462,4.7045,3135.7,0.255935,4.7208
H2-Kb,YTVKFPNM,0.904148,0.0373,55.6,0.628631,0.14
H2-Kb,YTVKYPNL,0.950957,0.0136,28.2,0.691378,0.0717
H2-Kd,AYTIFNKTL,0.771166,0.0532,324.5,0.465592,0.2251
H2-Kd,CYLTDRARI,0.662174,0.0972,32.3,0.678871,0.0163
H2-Kd,EYLFEVDNL,0.343426,0.3376,2211.8,0.288194,1.1234
H2-Kd,GFNKLRSTL,0.692542,0.0865,210.1,0.505744,0.1448
H2-Kd,ILQDMRNTI,0.195722,0.6891,2636.8,0.271951,1.3115
H2-Kd,IYATVAGSL,0.893644,0.0142,44.4,0.649513,0.0241
H2-Kd,IYSTVAGSL,0.82995,0.0331,81.0,0.593827,0.0513
H2-Kd,IYSTVASSL,0.947771,0.0059,20.2,0.722094,0.0092
H2-Kd,KYGRLFNEI,0.900661,0.0125,16.7,0.739722,0.0086
H2-Kd,KYKNAVTEL,0.956901,0.0048,33.4,0.675797,0.0171
H2-Kd,LFLRATTEL,0.556929,0.144,197.4,0.511534,0.1371
H2-Kd,LYDRLASTV,0.613967,0.1165,129.0,0.55083,0.0858
H2-Kd,LYQNVGTYV,0.885133,0.016,38.0,0.663861,0.0201
H2-Kd,RGYVYQGL,0.006381,10.095,20237.0,0.083598,17.4177
H2-Kd,SYIGSINNI,0.988406,0.0013,6.2,0.831556,0.0056
H2-Kd,SYNTGRFPPL,0.393598,0.2719,176.6,0.521814,0.1235
H2-Kd,SYVNTNMGL,0.90596,0.0112,55.5,0.628743,0.0286
H2-Kd,TYQRTRALV,0.747425,0.0616,49.2,0.639875,0.0263
H2-Kd,TYVSVGTSTL,0.885559,0.016,30.0,0.685803,0.0144
H2-Kd,VETPIRNEW,0.009698,7.7437,27694.1,0.054604,32.3717
H2-Kd,VYNTVISYI,0.972214,0.0031,11.6,0.773267,0.0075
H2-Kd,WYWGPSLYSI,0.190892,0.7067,242.0,0.492686,0.1689
H2-Kd,YIGSINNI,0.288529,0.4374,1007.7,0.360851,0.5743
H2-Kd,YYSIIPHSI,0.960323,0.0045,22.9,0.710763,0.0096
H2-Kk,TELEISSI,0.919565,0.0173,11.3,0.776228,0.0104
H2-Ld,APTAGAFFF,0.722699,0.0215,98.6,0.575701,0.0183
H2-Ld,GYCLTKWMI,0.002231,18.0467,29585.2,0.048499,15.3551
H2-Ld,IPKSAKLFF,0.696475,0.0274,121.0,0.55679,0.0244
H2-Ld,IPQSLDSWWTSL,0.438235,0.1033,12.8,0.764638,0.0062
H2-Ld,IPQYGYLTL,0.906662,0.0052,20.7,0.719878,0.0073
H2-Ld,ISHNFCNL,0.014938,6.1862,10914.0,0.140666,2.1859
H2-Ld,RPQASGVYM,0.877716,0.0068,21.7,0.715669,0.0074
H2-Ld,SPYAAGYDL,0.922519,0.0043,13.0,0.762807,0.0062
H2-Ld,VPQYGYLTL,0.902891,0.0054,24.9,0.702731,0.0078
H2-Ld,YPHFMPTNL,0.89539,0.0058,23.3,0.708878,0.0076
HLA-A*01:01,AMDGGGFY,0.754605,0.2162,1192.4,0.3453,0.5424
HLA-A*01:01,ASDSLNNEY,0.995041,0.0051,12.8,0.764213,0.0125
HLA-A*01:01,ATDALMTGY,0.995979,0.0041,10.0,0.786859,0.0106
HLA-A*01:01,ATEHDTLLY,0.997289,0.0028,6.4,0.827946,0.0084
HLA-A*01:01,CTELKLSDY,0.847819,0.1435,36.5,0.667632,0.0339
HLA-A*01:01,DSDDWLNKY,0.988235,0.0154,33.6,0.675287,0.0312
HLA-A*01:01,DSDDWLNKYSY,0.917335,0.0836,117.4,0.559551,0.1034
HLA-A*01:01,FSECNALGSY,0.926032,0.0767,12.2,0.768972,0.0121
HLA-A*01:01,HSEEGSRAY,0.937604,0.0651,283.7,0.478001,0.2007
HLA-A*01:01,IDLLLQRGPQY,0.027098,5.1516,24037.9,0.06769,12.9308
HLA-A*01:01,ISDYFHNTY,0.995304,0.0048,9.8,0.789498,0.0104
HLA-A*01:01,KSEYMTSWFY,0.786323,0.187,31.1,0.682227,0.0285
HLA-A*01:01,LLDKRQFELY,0.93927,0.0634,28.3,0.69102,0.025
HLA-A*01:01,LLDTASALY,0.99497,0.0052,8.5,0.802221,0.0096
HLA-A*01:01,LTDLGQNLLY,0.997847,0.0022,3.4,0.886952,0.0055
HLA-A*01:01,NTDIKTLKF,0.925008,0.0778,147.3,0.538567,0.1241
HLA-A*01:01,QYDPVAALF,0.221836,1.1985,12254.5,0.129959,3.9898
HLA-A*01:01,RGDPFDKNY,0.427006,0.6251,9144.5,0.157015,2.8091
HLA-A*01:01,STDVASLNY,0.998023,0.002,5.3,0.846293,0.0075
HLA-A*01:01,STELNYNHLY,0.989589,0.012,12.6,0.765724,0.0124
HLA-A*01:01,TDLGQNLLY,0.460182,0.5666,4063.2,0.231988,1.2962
HLA-A*01:01,TSDACMMTMY,0.973953,0.0291,10.1,0.786209,0.0107
HLA-A*01:01,VTEHDTLL,0.087354,2.4409,8275.3,0.166246,2.4986
HLA-A*01:01,VTEHDTLLY,0.997985,0.0021,5.1,0.8486,0.0074
HLA-A*01:01,YANMWSLMY,0.91889,0.0826,16.2,0.742707,0.0144
HLA-A*01:01,YLEKESIYY,0.984892,0.0187,44.8,0.64862,0.0417
HLA-A*01:01,YMDAVFEY,0.90753,0.0903,105.8,0.56919,0.0951
HLA-A*01:01,YMWLGARY,0.09699,2.3023,9857.7,0.150074,3.0553
HLA-A*01:01,YSEHPTFTSQY,0.975864,0.0273,19.7,0.724331,0.0171
HLA-A*01:01,YTDYLTVM,0.516833,0.4742,558.5,0.415405,0.3291
HLA-A*01:01,YTDYLTVMD,0.170012,1.5186,1843.8,0.305017,0.7377
HLA-A*01:01,YTDYLTVMDR,0.156884,1.6054,1797.7,0.307354,0.7258
HLA-A*01:01,YTDYLTVMDRY,0.98983,0.0113,6.1,0.832931,0.0081
HLA-A*02:01,AAGAAVKGV,0.008144,9.4932,13056.1,0.124103,17.4583
HLA-A*02:01,ADLMGYIPLV,0.812194,0.1365,5.5,0.843082,0.0425
HLA-A*02:01,AEIEDLIFL,0.152689,1.8712,2106.3,0.292712,5.978
HLA-A*02:01,AIDGVTNKV,0.65307,0.2864,457.2,0.433899,2.6837
HLA-A*02:01,AIIRILQQL,0.352826,0.8501,450.4,0.435288,2.6612
HLA-A*02:01,AIMVAGLSL,0.204741,1.4619,941.6,0.367125,3.9325
HLA-A*02:01,AITEVECFL,0.177056,1.6537,205.9,0.507636,1.677
HLA-A*02:01,AKLVALGINAVAYYR,4.9e-05,60.3571,30730.4,0.044989,42.8581
HLA-A*02:01,ALAAAGLVGV,0.774727,0.1694,13.4,0.759867,0.1634
HLA-A*02:01,ALAIMVAGL,0.590248,0.3694,56.6,0.627017,0.6962
HLA-A*02:01,ALASCMGLI,0.126808,2.1616,90.6,0.583524,0.9935
HLA-A*02:01,ALDEKLFLI,0.978204,0.0133,5.7,0.839558,0.0453
HLA-A*02:01,ALENKRKQL,0.008538,9.3029,23098.6,0.071374,29.3306
HLA-A*02:01,ALFFFDIDLL,0.321853,0.9473,44.0,0.650236,0.5654
HLA-A*02:01,ALHTALATV,0.845305,0.1089,17.7,0.734471,0.2324
HLA-A*02:01,ALISAFSGS,0.05428,3.6554,1160.7,0.34779,4.371
HLA-A*02:01,ALLEDPVGT,0.734333,0.2071,182.1,0.518975,1.5525
HLA-A*02:01,ALLGLTLGV,0.943466,0.0405,5.7,0.839152,0.0456
HLA-A*02:01,ALLSQLLGV,0.958623,0.0301,4.5,0.861638,0.0242
HLA-A*02:01,ALLTPVTMAEV,0.425611,0.6755,76.9,0.59863,0.8835
HLA-A*02:01,ALPHIIDEV,0.922511,0.0522,12.6,0.765573,0.1518
HLA-A*02:01,ALQTGITLV,0.880682,0.0766,26.4,0.697507,0.3599
HLA-A*02:01,ALSALLTKL,0.777603,0.1669,48.2,0.641876,0.6097
HLA-A*02:01,ALSYSTGAL,0.106623,2.4288,1028.4,0.358974,4.1122
HLA-A*02:01,ALYDVVSKL,0.973417,0.0149,19.9,0.723447,0.271
HLA-A*02:01,ALYDVVTKL,0.986139,0.0106,13.5,0.759695,0.1638
HLA-A*02:01,ALYEKKLAL,0.918031,0.0542,35.6,0.669947,0.4695
HLA-A*02:01,ALYEKKLALYL,0.458084,0.5985,45.7,0.64667,0.5839
HLA-A*02:01,AMCRTPFSL,0.210519,1.4297,129.2,0.550672,1.2485
HLA-A*02:01,AMDSNTLEL,0.821207,0.1283,52.9,0.63319,0.6603
HLA-A*02:01,AMDTISVFL,0.899494,0.0649,12.9,0.763911,0.1552
HLA-A*02:01,AMLHWSLIL,0.400166,0.7339,18.2,0.73168,0.243
HLA-A*02:01,AMLNGLIYV,0.988983,0.0092,2.3,0.923622,0.0068
HLA-A*02:01,AMLVLLAEI,0.288719,1.0616,24.5,0.704348,0.336
HLA-A*02:01,AMYMALIAA,0.506924,0.5129,32.5,0.678111,0.4342
HLA-A*02:01,ATWAENIQV,0.63719,0.3041,130.6,0.549723,1.2567
HLA-A*02:01,ATYQRTRAL,0.022432,5.8372,9659.5,0.151951,14.1249
HLA-A*02:01,AVVIVGLHGV,0.144479,1.9494,401.0,0.446021,2.4891
HLA-A*02:01,CINGCVWTV,0.060528,3.4263,62.2,0.618251,0.755
HLA-A*02:01,CINGVCWTV,0.016528,6.8022,321.0,0.466582,2.2078
HLA-A*02:01,CINGVWCTV,0.011693,8.0513,523.0,0.421464,2.8854
HLA-A*02:01,CIRPCFWVEL,0.000672,25.4638,3355.0,0.249688,7.603
HLA-A*02:01,CLFKDWEEL,0.23282,1.3096,116.1,0.560579,1.1645
HLA-A*02:01,CLGGLLTMV,0.294143,1.0433,31.4,0.681569,0.4193
HLA-A*02:01,CLGLLTMV,0.006502,10.4827,1915.1,0.301507,5.6935
HLA-A*02:01,CLLPKMDSV,0.614528,0.3357,14.0,0.756386,0.1705
HLA-A*02:01,CLPACVYGL,0.042384,4.1995,91.7,0.582359,1.0021
HLA-A*02:01,CLTEYILWV,0.261677,1.1744,16.9,0.738673,0.2165
HLA-A*02:01,CMVTGIVSL,0.337284,0.894,70.7,0.606374,0.8337
HLA-A*02:01,CVNGSCFTV,0.018767,6.3734,598.5,0.409009,3.1032
HLA-A*02:01,CVNGVCWTV,0.012143,7.9125,577.3,0.412347,3.0393
HLA-A*02:01,DELAAKLVALGINAV,0.000931,22.4434,6718.8,0.185504,11.2287
HLA-A*02:01,DLDGVKPLI,0.091941,2.6788,7421.0,0.176317,11.9125
HLA-A*02:01,DLDGVKPLIL,0.028154,5.2043,11593.2,0.135086,15.9737
HLA-A*02:01,DLIFLARSAL,0.001381,19.2967,9296.5,0.155492,13.7818
HLA-A*02:01,DLKPDNILL,0.037952,4.44,10434.2,0.144821,14.8532
HLA-A*02:01,DLLLGTLNI,0.094213,2.6352,2702.8,0.269667,6.8061
HLA-A*02:01,DLMGYIPAV,0.896525,0.0673,12.4,0.767664,0.1481
HLA-A*02:01,DLMGYIPLV,0.858097,0.0987,15.4,0.747239,0.1906
HLA-A*02:01,EIAQKLEDV,0.008463,9.3391,11636.5,0.134742,16.0161
HLA-A*02:01,EISGVKLESI,0.002121,16.3774,14479.5,0.114539,18.9199
HLA-A*02:01,ELMTLATWV,0.153249,1.8656,185.0,0.517494,1.5676
HLA-A*02:01,FIAPEYAYKI,0.275572,1.1083,39.5,0.660183,0.514
HLA-A*02:01,FIEGGWQGMV,0.02378,5.6691,1526.3,0.322482,5.0523
HLA-A*02:01,FIPENQRTV,0.371236,0.7984,447.0,0.435989,2.6498
HLA-A*02:01,FLADAVVRL,0.996239,0.0031,3.0,0.899787,0.0089
HLA-A*02:01,FLARSALIL,0.573698,0.3925,33.3,0.67606,0.4431
HLA-A*02:01,FLDKGTYTL,0.997014,0.0025,2.3,0.922318,0.0069
HLA-A*02:01,FLDPASIAA,0.957497,0.0309,11.6,0.773551,0.1385
HLA-A*02:01,FLDSEPHLL,0.991848,0.0068,4.5,0.861196,0.0245
HLA-A*02:01,FLGKIWPSYK,0.002369,15.6733,6567.3,0.187612,11.0718
HLA-A*02:01,FLGPLLVLQA,0.414795,0.7012,35.5,0.670111,0.4688
HLA-A*02:01,FLHCIVFNV,0.630703,0.3131,3.6,0.882596,0.0132
HLA-A*02:01,FLIAYQPLL,0.97077,0.0162,3.0,0.89869,0.009
HLA-A*02:01,FLLLADARV,0.867132,0.0908,8.7,0.799995,0.0977
HLA-A*02:01,FLLSLGIHL,0.93691,0.0444,7.8,0.81001,0.0797
HLA-A*02:01,FLLTKILTI,0.9543,0.0331,4.8,0.85552,0.0289
HLA-A*02:01,FLLTRILTI,0.907027,0.0592,6.1,0.832278,0.0514
HLA-A*02:01,FLNTEPSQL,0.919313,0.0537,32.1,0.679461,0.4284
HLA-A*02:01,FLPSDFFPSI,0.729602,0.2114,6.1,0.833597,0.0499
HLA-A*02:01,FLPSDFFPSV,0.871593,0.0842,3.6,0.881635,0.0138
HLA-A*02:01,FLSFASLFL,0.7594,0.1835,4.1,0.870161,0.0201
HLA-A*02:01,FLTCTDRSV,0.188249,1.5678,73.2,0.60321,0.8541
HLA-A*02:01,FLTEAIVHSV,0.899914,0.0645,4.7,0.857469,0.0273
HLA-A*02:01,FLTSVINRV,0.958036,0.0306,6.2,0.831689,0.0521
HLA-A*02:01,FLVDAIVRV,0.996665,0.0028,2.8,0.9049,0.0085
HLA-A*02:01,FLWEDQTLL,0.993993,0.005,2.5,0.913942,0.0077
HLA-A*02:01,FLYALALLL,0.79876,0.1486,5.9,0.835706,0.0483
HLA-A*02:01,FMDILTTCVET,0.004867,11.78,522.1,0.421628,2.8828
HLA-A*02:01,FMYMSLLGV,0.721135,0.2192,3.3,0.89089,0.0097
HLA-A*02:01,FMYSDFHFI,0.971699,0.0157,2.0,0.938083,0.0055
HLA-A*02:01,FPKNDFVSF,0.00143,19.0275,29493.5,0.048786,40.1657
HLA-A*02:01,FQANTPPAV,0.746742,0.1956,26.9,0.695777,0.366
HLA-A*02:01,FQIEEFGTGV,0.455187,0.6049,17.2,0.73724,0.2219
HLA-A*02:01,FVLATGDFV,0.47507,0.5687,26.1,0.698432,0.3567
HLA-A*02:01,FVQHPELTGL,0.107079,2.4228,1149.2,0.348709,4.3497
HLA-A*02:01,FVVPILLKA,0.517525,0.494,159.8,0.531043,1.4369
HLA-A*02:01,GAAGAAVKGV,0.012246,7.8828,8088.1,0.168361,12.5976
HLA-A*02:01,GFLIAYQPLL,0.366192,0.8123,24.5,0.704553,0.3353
HLA-A*02:01,GGFVPNMLSV,0.021581,5.9434,4608.3,0.220352,9.0378
HLA-A*02:01,GGSYFMISR,0.000154,43.1,31278.5,0.043355,44.1275
HLA-A*02:01,GIFEDRAPV,0.683993,0.2537,37.8,0.664318,0.4938
HLA-A*02:01,GILEFVFTL,0.949884,0.0362,5.5,0.842554,0.043
HLA-A*02:01,GILGFVFTL,0.872156,0.0833,11.4,0.7748,0.1365
HLA-A*02:01,GILGLVFTL,0.826299,0.1239,15.7,0.745244,0.195
HLA-A*02:01,GISGPDNGAV,0.02256,5.8213,9814.5,0.15048,14.2752
HLA-A*02:01,GIWGFVFTL,0.869139,0.0883,11.7,0.772482,0.1403
HLA-A*02:01,GLADTVVAC,0.658757,0.2804,211.9,0.504954,1.7078
HLA-A*02:01,GLCTLVAML,0.323112,0.9428,94.6,0.579545,1.0218
HLA-A*02:01,GLFDFVNFV,0.994662,0.0044,2.4,0.919143,0.0072
HLA-A*02:01,GLFGAIAGFI,0.534616,0.4623,37.0,0.666286,0.4853
HLA-A*02:01,GLFGGLNWI,0.939438,0.0429,7.4,0.81551,0.0731
HLA-A*02:01,GLIYNRMGTV,0.123026,2.2117,392.4,0.448024,2.4617
HLA-A*02:01,GLLSLEEEL,0.847288,0.1074,43.7,0.650945,0.5618
HLA-A*02:01,GLMWLSYFV,0.774096,0.17,2.9,0.902524,0.0087
HLA-A*02:01,GLNDYLHSV,0.995874,0.0034,2.8,0.906017,0.0084
HLA-A*02:01,GLQDCTMLV,0.823734,0.1261,11.0,0.778208,0.131
HLA-A*02:01,GLRDNLLENL,0.349947,0.8582,526.2,0.420912,2.8944
HLA-A*02:01,GLRYRSMLLGNGRY,0.000249,36.6842,33346.1,0.037439,49.2372
HLA-A*02:01,GLSPTVWLSV,0.666799,0.2719,22.0,0.714505,0.3006
HLA-A*02:01,GLSRYVARL,0.610516,0.3412,113.7,0.562538,1.1483
HLA-A*02:01,GLVGVLAGL,0.89498,0.0686,18.6,0.729769,0.2502
HLA-A*02:01,GLYGNGILV,0.94789,0.0376,22.1,0.713727,0.3033
HLA-A*02:01,GMDPRMCSL,0.413363,0.7044,228.3,0.498083,1.7868
HLA-A*02:01,GMVAPLYGV,0.908066,0.0588,5.4,0.844428,0.0415
HLA-A*02:01,GTHPNSSAGL,0.001871,17.2111,20175.8,0.083878,25.4131
HLA-A*02:01,GVFHTMWHV,0.715012,0.2248,7.1,0.819235,0.0683
HLA-A*02:01,GVGTMVMEL,0.201553,1.4797,1207.3,0.344149,4.4553
HLA-A*02:01,GVMRGNHYAFV,0.039699,4.3452,614.8,0.406521,3.1509
HLA-A*02:01,HLECRTFFL,0.090316,2.7101,114.5,0.561863,1.1539
HLA-A*02:01,HLMIWHSNL,0.228619,1.332,118.5,0.558724,1.1797
HLA-A*02:01,HLSLRGLPV,0.071462,3.1093,815.7,0.380389,3.6614
HLA-A*02:01,HVDGKILFV,0.678388,0.2597,156.6,0.532948,1.4195
HLA-A*02:01,IAPEYAYKI,0.148571,1.9114,1060.7,0.35612,4.1782
HLA-A*02:01,IAYERMCNIL,0.001998,16.7742,9185.4,0.156603,13.6771
HLA-A*02:01,ICMVTGIVSL,0.306349,1.0022,171.6,0.524474,1.4966
HLA-A*02:01,IGLITVLFL,0.004125,12.6208,6801.8,0.184369,11.3132
HLA-A*02:01,IIMDEAHFL,0.929971,0.0485,9.8,0.788941,0.1146
HLA-A*02:01,IITIGSICMV,0.053989,3.6676,115.7,0.560892,1.1619
HLA-A*02:01,ILDAHSLYL,0.972971,0.015,5.6,0.84027,0.0447
HLA-A*02:01,ILDDNLYKV,0.996756,0.0027,2.8,0.904103,0.0086
HLA-A*02:01,ILEKTHNGKL,0.009438,8.8909,8643.3,0.162225,13.1478
HLA-A*02:01,ILFVVIVGL,0.599645,0.3564,85.9,0.588388,0.9572
HLA-A*02:01,ILGFVFTLTV,0.170021,1.7116,23.6,0.707903,0.3236
HLA-A*02:01,ILIEGIFFV,0.997014,0.0025,1.6,0.954178,0.0041
HLA-A*02:01,ILKEPVHGV,0.886857,0.0734,47.7,0.64285,0.6041
HLA-A*02:01,ILMNDQEVGV,0.896255,0.0675,13.0,0.763288,0.1565
HLA-A*02:01,ILMTATPPGT,0.078531,2.9366,256.6,0.487269,1.9306
HLA-A*02:01,ILMWEAVTL,0.865965,0.0918,15.9,0.744264,0.1972
HLA-A*02:01,ILNANTARV,0.833223,0.1184,29.1,0.688623,0.3909
HLA-A*02:01,ILNATARV,0.052188,3.7431,3528.1,0.245039,7.8052
HLA-A*02:01,ILNDSGETV,0.920079,0.0533,26.9,0.695716,0.3662
HLA-A*02:01,ILPGQDLQYV,0.606194,0.3472,39.0,0.661398,0.5077
HLA-A*02:01,ILSDENYLL,0.976599,0.0138,6.1,0.833413,0.0501
HLA-A*02:01,ILSPLTKGI,0.570181,0.3974,127.4,0.551958,1.2373
HLA-A*02:01,ILSPLTKGIL,0.085741,2.798,884.2,0.372936,3.8137
HLA-A*02:01,ILYGPLTRI,0.935604,0.0451,32.9,0.67703,0.4389
HLA-A*02:01,ITFHGAKEV,0.119207,2.2622,1486.9,0.324901,4.9815
HLA-A*02:01,ITIGSICMV,0.197471,1.5031,74.9,0.601128,0.8675
HLA-A*02:01,IVIEAIHTV,0.973039,0.015,7.6,0.813123,0.0759
HLA-A*02:01,IVLLFAIVSL,0.098246,2.5576,109.5,0.566018,1.1197
HLA-A*02:01,KAIDGVTNKV,0.191653,1.5439,1399.8,0.33048,4.8263
HLA-A*02:01,KCDDVLLLL,0.107344,2.4193,3303.7,0.251111,7.5411
HLA-A*02:01,KIDDMIEEV,0.951028,0.0354,18.4,0.731028,0.2455
HLA-A*02:01,KIDYYIPYV,0.928358,0.0494,5.9,0.835892,0.0481
HLA-A*02:01,KIFKMEKGKV,0.006792,10.2861,6805.9,0.184314,11.3173
HLA-A*02:01,KITSYKFESV,0.025121,5.5019,537.3,0.418974,2.9258
HLA-A*02:01,KIVLLFAIV,0.048088,3.915,329.4,0.464196,2.2404
HLA-A*02:01,KLAQRRVFHGV,0.060846,3.4171,194.8,0.512732,1.6184
HLA-A*02:01,KLEDENPWL,0.751488,0.191,70.9,0.606104,0.8355
HLA-A*02:01,KLEDLERDL,0.122837,2.2142,3854.7,0.236857,8.1813
HLA-A*02:01,KLESIGIYQI,0.281738,1.0851,316.7,0.467844,2.1905
HLA-A*02:01,KLFSDISAI,0.930244,0.0483,10.7,0.781171,0.1262
HLA-A*02:01,KLFTHDIML,0.95487,0.0327,9.9,0.787868,0.1162
HLA-A*02:01,KLIIHNPEL,0.909941,0.0579,24.1,0.705722,0.3312
HLA-A*02:01,KLIPSWASV,0.895101,0.0685,10.0,0.787152,0.1172
HLA-A*02:01,KLLGLGINAV,0.85305,0.1028,14.0,0.755787,0.1717
HLA-A*02:01,KLPDDFMGCV,0.708723,0.2306,30.5,0.684089,0.4084
HLA-A*02:01,KLPQLCTEL,0.256396,1.1996,280.6,0.479025,2.0375
HLA-A*02:01,KLSALGINAV,0.499819,0.5253,45.7,0.646826,0.5831
HLA-A*02:01,KLSDYEGRL,0.525266,0.4796,207.2,0.507022,1.6841
HLA-A*02:01,KLSDYEGRLI,0.068139,3.2057,1435.1,0.328177,4.8904
HLA-A*02:01,KLSGLGINAI,0.347417,0.8654,220.8,0.501188,1.7511
HLA-A*02:01,KLSGLGINAV,0.624831,0.3213,51.0,0.636674,0.64
HLA-A*02:01,KLSGLGLNAV,0.541568,0.4494,38.5,0.662498,0.502
HLA-A*02:01,KLSSLGLNAV,0.444125,0.6313,35.5,0.670091,0.4689
HLA-A*02:01,KLTPLCVTL,0.669358,0.2692,32.7,0.677794,0.4356
HLA-A*02:01,KLVALGINAV,0.577557,0.3871,40.2,0.658622,0.5221
HLA-A*02:01,KLVALGVNAV,0.491311,0.5402,57.6,0.625375,0.7067
HLA-A*02:01,KLVAMGINAV,0.569827,0.3978,41.2,0.656225,0.5345
HLA-A*02:01,KLVCSPAPC,0.012107,7.9229,1341.5,0.334408,4.7171
HLA-A*02:01,KLWCRHFCV,0.21725,1.3925,7.7,0.811198,0.0782
HLA-A*02:01,KLWESPQEI,0.979176,0.0129,7.4,0.815047,0.0736
HLA-A*02:01,KLYKKLKREI,0.021899,5.9037,3964.6,0.234257,8.3086
HLA-A*02:01,KLYQNPTTYI,0.545448,0.4423,105.9,0.569075,1.0953
HLA-A*02:01,KMEDGFLDV,0.623227,0.3236,96.7,0.577439,1.0366
HLA-A*02:01,KMLDPRQGLAV,0.56663,0.4031,89.5,0.584663,0.985
HLA-A*02:01,KMNTQFEAV,0.656003,0.2833,24.3,0.705249,0.3329
HLA-A*02:01,KTRPILSPL,0.020776,6.0555,3790.6,0.238405,8.1055
HLA-A*02:01,KVDDTFYYV,0.955044,0.0326,6.3,0.829824,0.0543
HLA-A*02:01,LAAKLVALGINAVAY,6.3e-05,56.5789,28193.6,0.052952,37.6237
HLA-A*02:01,LAIMVAGLSL,0.005934,10.8678,2278.5,0.28545,6.2325
HLA-A*02:01,LALAIMVAGL,0.026492,5.3672,251.8,0.489031,1.9084
HLA-A*02:01,LFEEYTNI,0.020374,6.1191,7084.5,0.180606,11.5933
HLA-A*02:01,LIFLARSAL,0.020223,6.143,2576.2,0.274102,6.6408
HLA-A*02:01,LIFLARSALI,0.005347,11.3506,975.2,0.363883,3.9987
HLA-A*02:01,LILYDKEEI,0.033838,4.7277,4748.6,0.217581,9.1973
HLA-A*02:01,LIRHENRMV,0.002038,16.6452,21041.5,0.079995,26.5337
HLA-A*02:01,LIRHENRMVL,0.001959,16.9,14873.2,0.11206,19.3337
HLA-A*02:01,LIYNRMGTV,0.210685,1.4287,202.2,0.509312,1.6577
HLA-A*02:01,LLCPAGHAV,0.411092,0.7095,146.5,0.539082,1.3586
HLA-A*02:01,LLDFVRFMGV,0.096588,2.5895,33.2,0.676145,0.4427
HLA-A*02:01,LLDFVRFMGY,0.00131,19.6868,8435.8,0.164471,12.9404
HLA-A*02:01,LLDFVRMGV,0.595727,0.3618,18.2,0.732025,0.2417
HLA-A*02:01,LLDKRQFEL,0.82601,0.1241,26.4,0.697395,0.3603
HLA-A*02:01,LLFAIVSLV,0.590708,0.3688,10.7,0.781322,0.1259
HLA-A*02:01,LLFEEYTNI,0.931996,0.0473,10.4,0.783895,0.122
HLA-A*02:01,LLFGYPVYV,0.992376,0.0063,2.1,0.933109,0.006
HLA-A*02:01,LLFNILGGWV,0.09407,2.6379,42.1,0.654303,0.5444
HLA-A*02:01,LLFRQAHSV,0.786711,0.1591,12.3,0.768395,0.1469
HLA-A*02:01,LLLGTLNIV,0.57486,0.3908,20.5,0.721012,0.2791
HLA-A*02:01,LLLIWFRPV,0.072449,3.0807,31.1,0.682237,0.4164
HLA-A*02:01,LLMGTLGIV,0.371728,0.7973,17.4,0.73581,0.2274
HLA-A*02:01,LLMGTLGIVC,0.017498,6.5985,462.2,0.432885,2.7001
HLA-A*02:01,LLMTGGVTL,0.875621,0.0792,24.0,0.706276,0.3293
HLA-A*02:01,LLMTGGVTLV,0.692637,0.2453,11.6,0.773689,0.1383
HLA-A*02:01,LLMWEAVTV,0.852115,0.1036,6.3,0.829222,0.0551
HLA-A*02:01,LLNATDIAV,0.770014,0.1735,26.0,0.698831,0.3553
HLA-A*02:01,LLNGWRWRL,0.468702,0.5799,35.5,0.670128,0.4687
HLA-A*02:01,LLNYILKSV,0.49443,0.5348,32.3,0.678691,0.4317
HLA-A*02:01,LLPPELSET,0.166804,1.7395,836.0,0.378121,3.7078
HLA-A*02:01,LLQNSQVFSL,0.150507,1.893,73.6,0.602664,0.8576
HLA-A*02:01,LLTEKAVASV,0.354343,0.8458,37.4,0.665173,0.4901
HLA-A*02:01,LLTEVETYV,0.950058,0.0361,4.5,0.860731,0.0247
HLA-A*02:01,LLTEVETYVL,0.381981,0.7745,27.8,0.692823,0.3763
HLA-A*02:01,LLTTPKFTV,0.492876,0.5375,115.2,0.561323,1.1583
HLA-A*02:01,LLWNGPMAV,0.985261,0.0109,3.5,0.884796,0.0119
HLA-A*02:01,LLWTLVVLL,0.531115,0.4688,25.9,0.699057,0.3545
HLA-A*02:01,LLYANSAHAL,0.192178,1.5402,135.7,0.546131,1.2878
HLA-A*02:01,LLYGYPVYV,0.993266,0.0056,2.2,0.925806,0.0066
HLA-A*02:01,LLYNCCYHV,0.34443,0.8738,4.6,0.858582,0.0263
HLA-A*02:01,LMHAPAFET,0.065702,3.2763,696.6,0.394974,3.372
HLA-A*02:01,LMLQIGNMI,0.222088,1.3667,256.9,0.487182,1.9317
HLA-A*02:01,LMNGQQIFL,0.710861,0.2286,28.4,0.690753,0.3835
HLA-A*02:01,LMTGGVTLV,0.741699,0.2004,21.7,0.71572,0.2965
HLA-A*02:01,LMWYELSKI,0.286776,1.0681,37.4,0.665385,0.4892
HLA-A*02:01,LNTEPSQL,0.000929,22.4623,32331.1,0.040296,46.6632
HLA-A*02:01,LQPPDPVGL,0.063681,3.3349,7246.0,0.178523,11.7483
HLA-A*02:01,LTEKAVASV,0.018183,6.4658,5739.8,0.200059,10.2492
HLA-A*02:01,LTKGILGFV,0.013185,7.6126,2342.6,0.282886,6.3231
HLA-A*02:01,LVGPTPVNI,0.181987,1.6137,2697.1,0.269862,6.7988
HLA-A*02:01,LVWMACHSA,0.019561,6.2478,621.1,0.405587,3.1688
HLA-A*02:01,MLNIPSINV,0.746077,0.1962,45.6,0.646889,0.5827
HLA-A*02:01,MLQEKPFQL,0.97496,0.0143,5.7,0.839236,0.0455
HLA-A*02:01,MLQIGNMISI,0.335513,0.899,38.0,0.663787,0.4961
HLA-A*02:01,MLWYTVYNI,0.55298,0.4283,6.5,0.827465,0.0572
HLA-A*02:01,MMFGFHHSV,0.944978,0.0396,2.1,0.933133,0.006
HLA-A*02:01,MMPEAMTIV,0.71147,0.2281,12.5,0.766314,0.1503
HLA-A*02:01,MVMELIRMI,0.330207,0.9176,65.4,0.613675,0.7861
HLA-A*02:01,NLERRIENL,0.047195,3.9524,7685.2,0.173084,12.1813
HLA-A*02:01,NLEYQIGYI,0.033514,4.7522,4310.7,0.226523,8.7049
HLA-A*02:01,NLFDIPLLTV,0.938375,0.0435,8.0,0.808198,0.0827
HLA-A*02:01,NLLDKRQFEL,0.546125,0.441,100.7,0.573688,1.0629
HLA-A*02:01,NLLTTPKFT,0.010302,8.5456,9434.4,0.154131,13.9099
HLA-A*02:01,NLPFERATI,0.030799,4.9577,5940.5,0.196883,10.4569
HLA-A*02:01,NLTIAWPRM,0.014907,7.1689,8360.2,0.165303,12.8671
HLA-A*02:01,NLVPMVAT,0.002796,14.7032,20245.1,0.083561,25.5042
HLA-A*02:01,NLVPMVATV,0.871791,0.0839,25.8,0.699521,0.3529
HLA-A*02:01,NLYDKVRLQL,0.693845,0.2442,163.1,0.529187,1.4537
HLA-A*02:01,NMEAMDSNTL,0.013612,7.491,5911.1,0.197342,10.4269
HLA-A*02:01,NMLSTVLGV,0.711588,0.228,10.6,0.782099,0.1247
HLA-A*02:01,NTNQEDLLVL,0.003668,13.2355,16831.8,0.100626,21.4357
HLA-A*02:01,PLILRDCSV,0.008625,9.2609,6163.6,0.193475,10.6797
HLA-A*02:01,PLMALLTPV,0.288483,1.0624,10.2,0.785007,0.1204
HLA-A*02:01,PLPLTQPGE,6.1e-05,57.1053,39783.6,0.021125,70.0912
HLA-A*02:01,PLTKGILGFV,0.009302,8.9452,5432.8,0.20514,9.9249
HLA-A*02:01,PLTQHYQIL,0.001916,17.0444,21582.4,0.077649,27.227
HLA-A*02:01,QARLTVSGLA,8.2e-05,52.5926,24664.4,0.065312,31.6545
HLA-A*02:01,QIDVEKKIV,0.002339,15.7481,26454.6,0.058836,34.5756
HLA-A*02:01,QILSIYSTV,0.164186,1.7622,237.3,0.494491,1.8338
HLA-A*02:01,QISVQPTFSV,0.033001,4.7911,1677.6,0.313747,5.3131
HLA-A*02:01,QLAAGGKHL,0.070314,3.1426,6765.0,0.184871,11.2758
HLA-A*02:01,QLGAFLTNV,0.816142,0.1329,12.3,0.767913,0.1477
HLA-A*02:01,QLRDNAKEL,0.020872,6.0403,13630.2,0.120126,18.0083
HLA-A*02:01,QLSGLGINAV,0.259252,1.186,319.5,0.46703,2.2017
HLA-A*02:01,QMATITNPL,0.228638,1.3319,73.4,0.603007,0.8554
HLA-A*02:01,QMWQARLTV,0.487946,0.5461,50.0,0.638436,0.6298
HLA-A*02:01,RGPGRAFVTI,0.000992,21.8931,20493.0,0.082436,25.8272
HLA-A*02:01,RIFAELEGV,0.868819,0.0888,13.6,0.758447,0.1663
HLA-A*02:01,RIGSKGDVFV,0.058901,3.4735,1995.7,0.297698,5.8167
HLA-A*02:01,RLAAMFFCAV,0.130414,2.1139,12.7,0.765059,0.1529
HLA-A*02:01,RLDDDGNFQL,0.824027,0.1258,85.0,0.589408,0.9496
HLA-A*02:01,RLGAVILFV,0.801167,0.1464,13.1,0.762542,0.158
HLA-A*02:01,RLIQNSITI,0.739366,0.2025,110.3,0.565298,1.1256
HLA-A*02:01,RLKREEISGV,0.189121,1.5617,772.2,0.385451,3.558
HLA-A*02:01,RLLGFADTV,0.90697,0.0593,11.2,0.776992,0.1329
HLA-A*02:01,RLLSLAVSSAV,0.087921,2.7561,81.2,0.593615,0.9183
HLA-A*02:01,RLNELLAYV,0.978448,0.0132,3.0,0.897954,0.0091
HLA-A*02:01,RLNEVAKNL,0.618928,0.3295,321.1,0.466559,2.2081
HLA-A*02:01,RLYDYFTRV,0.994722,0.0044,3.0,0.898888,0.009
HLA-A*02:01,RLYQNPTTYI,0.463043,0.5898,170.6,0.524986,1.4919
HLA-A*02:01,RMGTVTTEV,0.653512,0.2859,40.7,0.657454,0.5281
HLA-A*02:01,RMLGDVMAV,0.977839,0.0134,3.6,0.882296,0.0134
HLA-A*02:01,RMTENIVEV,0.973957,0.0147,5.7,0.839772,0.0451
HLA-A*02:01,RPHERNGFTVL,0.000291,34.7308,33239.5,0.037735,48.9495
HLA-A*02:01,RQWAQDLTL,0.442071,0.6362,173.5,0.523428,1.5069
HLA-A*02:01,RQYDPVAAL,0.748183,0.1942,121.1,0.55669,1.1965
HLA-A*02:01,RTAGPSVGGV,0.037256,4.4778,3532.8,0.244916,7.8105
HLA-A*02:01,RTLNAWVKV,0.096666,2.588,1040.3,0.357913,4.1367
HLA-A*02:01,RVLTGWGLN,5.5e-05,58.6842,32352.4,0.040235,46.7158
HLA-A*02:01,RVYEALYYV,0.976159,0.0139,2.7,0.909612,0.0081
HLA-A*02:01,SALILRGSV,0.001333,19.5604,13593.9,0.120372,17.9731
HLA-A*02:01,SCLPACVYGL,0.025916,5.4236,388.2,0.449019,2.4481
HLA-A*02:01,SICMVTGIV,0.011248,8.2077,1908.4,0.30183,5.6831
HLA-A*02:01,SIGIYQILSI,0.016368,6.8358,1311.0,0.336536,4.6579
HLA-A*02:01,SIRIGSKGDV,0.001063,21.3511,21101.2,0.079733,26.6097
HLA-A*02:01,SITEVECFL,0.14433,1.9507,220.7,0.501214,1.7508
HLA-A*02:01,SIYSTVASSL,0.047699,3.9313,2419.4,0.279904,6.4285
HLA-A*02:01,SLCPINGWAV,0.282251,1.0833,42.0,0.654459,0.5436
HLA-A*02:01,SLDISLETV,0.857347,0.0994,32.1,0.679311,0.429
HLA-A*02:01,SLFGQRIEV,0.961196,0.0246,11.1,0.777301,0.1324
HLA-A*02:01,SLFNTIATL,0.822122,0.1275,74.8,0.601257,0.8666
HLA-A*02:01,SLFNTIAVL,0.651692,0.2878,126.5,0.55264,1.2314
HLA-A*02:01,SLFNTVATL,0.775699,0.1686,105.4,0.569557,1.0919
HLA-A*02:01,SLFNTVAVL,0.591072,0.3683,171.1,0.52473,1.4943
HLA-A*02:01,SLISGMWLL,0.961979,0.023,3.6,0.881827,0.0137
HLA-A*02:01,SLKDVLVSV,0.969075,0.0171,8.9,0.797827,0.1014
HLA-A*02:01,SLLDDTDQV,0.974682,0.0144,8.3,0.804281,0.0894
HLA-A*02:01,SLLTEVETYV,0.815267,0.1337,11.4,0.775232,0.1358
HLA-A*02:01,SLLWNGPMAV,0.924395,0.0513,9.0,0.79683,0.1029
HLA-A*02:01,SLMDPAILTSL,0.853148,0.1027,15.1,0.748957,0.1867
HLA-A*02:01,SLMLQIGNMI,0.130779,2.1091,338.4,0.461693,2.2747
HLA-A*02:01,SLNQTVHSL,0.833437,0.1183,86.3,0.587954,0.9605
HLA-A*02:01,SLPITVYYA,0.495293,0.5333,57.5,0.625483,0.706
HLA-A*02:01,SLQQEITLL,0.743405,0.1987,134.0,0.547305,1.2776
HLA-A*02:01,SLSAYIIRV,0.977112,0.0136,5.7,0.838572,0.046
HLA-A*02:01,SLSNLDFRL,0.880248,0.0768,16.7,0.739728,0.2125
HLA-A*02:01,SLTSINVQA,0.525354,0.4795,293.0,0.475018,2.0924
HLA-A*02:01,SLVGIDPFRL,0.710584,0.2289,57.8,0.624964,0.7095
HLA-A*02:01,SLVKSDQICI,0.058503,3.485,1243.9,0.341392,4.5229
HLA-A*02:01,SLWMCSNGSL,0.047685,3.9319,111.2,0.56453,1.1319
HLA-A*02:01,SLYNAIATL,0.904364,0.0608,34.8,0.671856,0.4613
HLA-A*02:01,SLYNAVATL,0.876333,0.0789,47.6,0.643047,0.6029
HLA-A*02:01,SLYNLVAVL,0.681602,0.2563,78.3,0.59696,0.8943
HLA-A*02:01,SLYNSVATL,0.834183,0.1177,74.7,0.601343,0.8661
HLA-A*02:01,SLYNTIATL,0.802469,0.1452,115.0,0.561448,1.1573
HLA-A*02:01,SLYNTIAVL,0.632342,0.3109,202.0,0.509384,1.6569
HLA-A*02:01,SLYNTVATL,0.752161,0.1904,165.7,0.527714,1.4671
HLA-A*02:01,SLYNTVAVL,0.570351,0.3971,278.0,0.479876,2.0259
HLA-A*02:01,SMMPEAMTIV,0.752526,0.19,11.0,0.778684,0.1302
HLA-A*02:01,SMPFHNIHPL,0.126065,2.1715,45.5,0.647222,0.581
HLA-A*02:01,SMQKTIPLV,0.777011,0.1674,22.2,0.713328,0.3047
HLA-A*02:01,SMSMILVGV,0.714287,0.2255,7.0,0.820611,0.0664
HLA-A*02:01,SMVNGVIKI,0.884813,0.0744,45.4,0.647292,0.5806
HLA-A*02:01,STQKAIDGV,0.029457,5.0767,4569.4,0.221135,8.9933
HLA-A*02:01,SVGGVFTSV,0.607342,0.3457,88.1,0.586127,0.9741
HLA-A*02:01,SVKQDIVAI,0.073515,3.0498,6181.1,0.193213,10.6969
HLA-A*02:01,SVRDRLARL,0.030139,5.0099,11045.1,0.139563,15.4484
HLA-A*02:01,TFYLNHTFKKV,0.000933,22.4245,10120.6,0.147642,14.5651
HLA-A*02:01,TIHDIILECV,0.326718,0.93,315.9,0.468068,2.1874
HLA-A*02:01,TILKPNDAI,0.040231,4.3163,6827.6,0.184019,11.3392
HLA-A*02:01,TIMEKNVTV,0.906488,0.0595,20.9,0.719276,0.2848
HLA-A*02:01,TLACFVLAAV,0.180549,1.6253,12.6,0.766107,0.1507
HLA-A*02:01,TLDTKPLSV,0.861917,0.0954,98.5,0.575746,1.0485
HLA-A*02:01,TLDYKPLSV,0.84738,0.1073,87.4,0.586772,0.9693
HLA-A*02:01,TLGQHLPTL,0.803101,0.1447,53.1,0.632807,0.6625
HLA-A*02:01,TLKDIVLDL,0.575024,0.3906,394.8,0.447447,2.4696
HLA-A*02:01,TLLANVTAV,0.934563,0.0458,8.8,0.799366,0.0989
HLA-A*02:01,TLLDHIRTA,0.869404,0.0878,37.1,0.666034,0.4864
HLA-A*02:01,TLLYVLFEV,0.684836,0.2529,5.0,0.851048,0.0341
HLA-A*02:01,TLNAWVKVV,0.266356,1.1521,575.2,0.412668,3.0332
HLA-A*02:01,TLNQRLVPRI,0.042527,4.1917,1612.4,0.317408,5.2038
HLA-A*02:01,TLTVPSERGL,0.020006,6.1774,6832.7,0.18395,11.3444
HLA-A*02:01,TMLEDHEFV,0.888025,0.0728,7.3,0.816385,0.072
HLA-A*02:01,TMLSPMLHHWI,0.02176,5.9211,592.1,0.410005,3.0842
HLA-A*02:01,TMVMELIRMI,0.040379,4.3083,249.2,0.489967,1.8963
HLA-A*02:01,TMYGGISLL,0.89349,0.0698,15.9,0.744127,0.1975
HLA-A*02:01,TMYYKDVTV,0.749022,0.1934,49.9,0.638677,0.6284
HLA-A*02:01,TPRVTGGGAM,0.000177,41.1667,39023.9,0.022907,67.266
HLA-A*02:01,TVCGGIMFL,0.272522,1.1228,338.5,0.461671,2.275
HLA-A*02:01,VIYQYMDDL,0.08343,2.8424,2008.3,0.297115,5.8356
HLA-A*02:01,VLAGWLFHV,0.965929,0.0187,2.1,0.932956,0.006
HLA-A*02:01,VLAPYMPDV,0.971742,0.0157,5.4,0.843936,0.0419
HLA-A*02:01,VLEETSVML,0.772362,0.1715,101.0,0.573415,1.0648
HLA-A*02:01,VLEWRFDSRL,0.060064,3.4398,669.9,0.398583,3.3029
HLA-A*02:01,VLGPISGHV,0.637247,0.304,93.9,0.58019,1.0173
HLA-A*02:01,VLHKRTLGL,0.317112,0.9641,719.5,0.391986,3.4292
HLA-A*02:01,VLLFAIVSL,0.713041,0.2266,40.4,0.658122,0.5247
HLA-A*02:01,VLLFAIVSLV,0.179566,1.6333,37.5,0.665106,0.4904
HLA-A*02:01,VLLNAPSEA,0.547142,0.4391,234.3,0.495682,1.8173
HLA-A*02:01,VLLVSLGAI,0.112595,2.3498,198.7,0.510937,1.639
HLA-A*02:01,VLMENERTL,0.737253,0.2044,128.4,0.551303,1.243
HLA-A*02:01,VLSDFKTWL,0.759387,0.1835,30.7,0.683652,0.4103
HLA-A*02:01,VLSEWLPVT,0.565036,0.406,55.7,0.628403,0.6882
HLA-A*02:01,VLSIIPSGPL,0.055806,3.5914,817.5,0.380184,3.6656
HLA-A*02:01,VLYDEFVTI,0.983428,0.0115,8.5,0.802631,0.0925
HLA-A*02:01,VLYSPNVSV,0.940554,0.0422,23.5,0.708356,0.322
HLA-A*02:01,VMLFILAGL,0.278086,1.0974,25.7,0.699863,0.3517
HLA-A*02:01,VVMTSLALV,0.489322,0.5437,20.3,0.721574,0.2772
HLA-A*02:01,WLSLLVPFV,0.484904,0.5515,7.0,0.820267,0.0668
HLA-A*02:01,WTYNAELLVL,0.008775,9.1884,1210.8,0.343884,4.4614
HLA-A*02:01,YIQMCTELKL,0.028614,5.1593,130.3,0.54991,1.2551
HLA-A*02:01,YISVGTSTL,0.380636,0.7775,289.5,0.47614,2.077
HLA-A*02:01,YIVEKANPV,0.809137,0.1392,7.9,0.808818,0.0816
HLA-A*02:01,YLANGGFLI,0.970171,0.0165,4.3,0.866011,0.0221
HLA-A*02:01,YLCRHCLNLL,0.025527,5.4617,67.5,0.610738,0.8057
HLA-A*02:01,YLGLTQPFL,0.794663,0.1522,15.8,0.744728,0.1962
HLA-A*02:01,YLLEMLWRL,0.979642,0.0128,1.8,0.943983,0.005
HLA-A*02:01,YLLPGWKL,0.699174,0.2393,48.5,0.641331,0.6129
HLA-A*02:01,YLLPRRGPRL,0.584632,0.3773,194.4,0.512948,1.6159
HLA-A*02:01,YLNAVSLCI,0.524916,0.4803,13.2,0.761334,0.1604
HLA-A*02:01,YLQQNWWTL,0.886148,0.0737,4.0,0.872086,0.0191
HLA-A*02:01,YLSELLNSL,0.983773,0.0114,3.5,0.884279,0.0122
HLA-A*02:01,YLVGSNMTQRV,0.442278,0.6357,65.3,0.613814,0.7851
HLA-A*02:01,YLVSIFLHL,0.861318,0.0959,8.8,0.798508,0.1004
HLA-A*02:01,YLVTRHADV,0.279351,1.0931,258.1,0.486728,1.9375
HLA-A*02:01,YLYQLSPPI,0.834651,0.1173,3.8,0.876245,0.0168
HLA-A*02:01,YMDAVFEYTI,0.449194,0.6192,8.6,0.800914,0.0959
HLA-A*02:01,YMLDLQPETT,0.291036,1.0538,186.5,0.516777,1.575
HLA-A*02:01,YMWLGARYL,0.845346,0.1089,6.6,0.824994,0.0601
HLA-A*02:01,YQNPTTYISV,0.284613,1.0754,138.5,0.544305,1.3044
HLA-A*02:01,YTAFTIPSV,0.783807,0.1616,12.7,0.764785,0.1534
HLA-A*02:01,YTMDGEYRL,0.890051,0.0717,16.2,0.742672,0.2014
HLA-A*02:01,YVIRAQLHV,0.397623,0.7395,165.7,0.52771,1.4672
HLA-A*02:01,YVLDHLIVV,0.9744,0.0145,4.6,0.859269,0.0257
HLA-A*02:01,YVLFEVFDVV,0.416236,0.6979,9.9,0.787762,0.1163
HLA-A*02:02,GLRYRSMLL,0.193172,2.7365,599.9,0.408783,5.1684
HLA-A*02:02,KPYSGTAYNAL,0.000971,34.9186,22368.6,0.074342,40.6907
HLA-A*02:03,FLLTRILTI,0.906892,0.1082,6.7,0.823757,0.1056
HLA-A*02:03,FLPSDFFPSV,0.883781,0.1381,3.6,0.880667,0.0193
HLA-A*02:03,SVRDRLARL,0.471701,1.1591,335.0,0.462625,3.8671
HLA-A*02:05,FQIEEFGTGV,0.764356,0.086,5.2,0.847255,0.0094
HLA-A*02:05,IIMDEAHFL,0.879683,0.0302,20.8,0.719435,0.1182
HLA-A*02:05,MMPEAMTIV,0.797355,0.0709,6.8,0.822167,0.0176
HLA-A*02:05,MMPEAMTIVML,0.119589,2.6244,151.5,0.535955,0.9551
HLA-A*02:05,SVAGRVDGL,0.639018,0.1864,95.9,0.578247,0.6198
HLA-A*02:05,VLAGWLFHV,0.782251,0.0768,5.8,0.837711,0.01
HLA-A*02:05,YMPDVLEKL,0.982719,0.0028,3.8,0.876561,0.0076
HLA-A*02:05,YMPDVLEKLEL,0.449432,0.4575,33.7,0.674801,0.22
HLA-A*02:05,YMSPHHKKL,0.518543,0.3322,179.2,0.520448,1.1028
HLA-A*02:06,FLPSDFFPSV,0.829835,0.0892,3.3,0.888731,0.0097
HLA-A*02:06,GILGFVFTL,0.814493,0.1025,15.5,0.746663,0.1932
HLA-A*02:06,LFEEYTNI,0.011274,11.2027,10472.1,0.144486,21.5514
HLA-A*02:06,LLFGYPVYV,0.96785,0.0116,3.4,0.887796,0.0098
HLA-A*02:06,LNTEPSQL,0.000558,38.3864,36084.4,0.030145,71.1254
HLA-A*02:06,MLNIPSINV,0.540441,0.3659,123.2,0.555059,1.2732
HLA-A*02:06,NLVPMVATV,0.76241,0.1373,38.3,0.663136,0.488
HLA-A*02:06,QLGAFLTNV,0.622398,0.2595,23.2,0.709286,0.296
HLA-A*02:06,RVLTGWGLN,0.000264,48.45,20261.3,0.083487,36.5401
HLA-A*02:06,TLGQHLPTL,0.621589,0.2604,109.1,0.56629,1.17
HLA-A*02:06,VLGPISGHV,0.421654,0.5847,245.5,0.491363,2.0993
HLA-A*02:06,VLYSPNVSV,0.822183,0.0963,77.5,0.597978,0.8974
HLA-A*02:06,YLYQLSPPI,0.676522,0.2048,5.5,0.842938,0.0408
HLA-A*02:07,FLPSDFFPSV,0.721262,0.0307,19.0,0.728088,0.0067
HLA-A*02:07,MLNIPSINV,0.295901,0.2215,3059.9,0.258199,0.6128
HLA-A*02:07,NLVPMVATV,0.391831,0.1444,2812.9,0.265975,0.5648
HLA-A*02:07,VLGPISGHV,0.247946,0.276,3979.7,0.233907,0.8023
HLA-A*03:01,ALNTITNLK,0.93332,0.0157,23.2,0.709223,0.0635
HLA-A*03:01,EVFCVQPEK,0.0961,2.0458,1513.0,0.323291,2.3592
HLA-A*03:01,ILNYMSPHHK,0.74181,0.1234,16.1,0.742965,0.037
HLA-A*03:01,ILNYMSPHHKK,0.360058,0.6669,138.4,0.544353,0.4818
HLA-A*03:01,ILRGSVAHK,0.905032,0.0237,26.4,0.697448,0.0781
HLA-A*03:01,KLAQRRVFH,0.484067,0.3999,236.3,0.494887,0.7236
HLA-A*03:01,KLTPPHSAK,0.961513,0.007,15.0,0.74972,0.0346
HLA-A*03:01,LTLKGTSYK,0.82929,0.071,25.6,0.700364,0.0733
HLA-A*03:01,LVAYGGSWK,0.560601,0.2947,75.4,0.600502,0.2851
HLA-A*03:01,MVIFFMSPK,0.255825,0.9871,21.1,0.718126,0.0558
HLA-A*03:01,RLRAEAQVK,0.756787,0.1149,55.0,0.629665,0.2064
HLA-A*03:01,RLRPGGKK,0.298459,0.8472,748.2,0.388378,1.542
HLA-A*03:01,RMGERQLQK,0.937461,0.0141,14.5,0.753113,0.0334
HLA-A*03:01,RVKLSALTLK,0.837599,0.0624,15.4,0.747521,0.0354
HLA-A*03:01,TTVYPPSSTAK,0.313492,0.7979,416.0,0.442635,1.0673
HLA-A*03:01,TVYHGAGTK,0.913802,0.0212,22.1,0.713864,0.0592
HLA-A*03:01,TVYPPSSTAK,0.947447,0.0095,19.7,0.724542,0.0507
HLA-A*03:01,VLCPKNMIIK,0.32589,0.7646,119.2,0.558174,0.4213
HLA-A*03:01,VLDCRTAFK,0.450924,0.4595,43.0,0.652449,0.158
HLA-A*03:01,VLWDIPTPK,0.923431,0.0185,26.2,0.698143,0.077
HLA-A*03:01,VMYNLWKMK,0.711697,0.1437,16.4,0.741592,0.0375
HLA-A*11:01,ALNTITNLK,0.861936,0.0526,20.6,0.720439,0.1067
HLA-A*11:01,ATIGTAMYK,0.986072,0.0026,3.9,0.87438,0.0074
HLA-A*11:01,ATVQGQNLK,0.878823,0.044,29.1,0.688598,0.1728
HLA-A*11:01,AVFDRKSDAK,0.791486,0.0904,30.8,0.683319,0.1839
HLA-A*11:01,CSSCPLSK,0.005006,9.3794,2402.8,0.280542,3.9665
HLA-A*11:01,GPISGHVLK,0.078946,2.5886,4387.3,0.224895,5.4363
HLA-A*11:01,GTSGSPIADK,0.769996,0.1008,50.5,0.637433,0.3117
HLA-A*11:01,GTSGSPIIDK,0.793389,0.0896,35.9,0.668937,0.2181
HLA-A*11:01,GTSGSPIINR,0.739949,0.1254,70.0,0.607399,0.4203
HLA-A*11:01,GTSGSPIVDK,0.776342,0.0975,41.2,0.656261,0.2521
HLA-A*11:01,GTSGSPIVDR,0.380861,0.6649,398.4,0.446609,1.5481
HLA-A*11:01,GTSGSPIVNR,0.704683,0.1559,84.6,0.58983,0.4938
HLA-A*11:01,GTVFVAYHR,0.62584,0.24,54.2,0.630934,0.3345
HLA-A*11:01,ILNYMSPHHKK,0.163477,1.6178,360.3,0.455913,1.4609
HLA-A*11:01,ISWDIQDEK,0.631406,0.2329,119.5,0.55789,0.6941
HLA-A*11:01,IVTDFSVIK,0.882163,0.0423,20.2,0.722326,0.1032
HLA-A*11:01,KTFEREYPTIK,0.523736,0.3875,54.2,0.631003,0.3342
HLA-A*11:01,KVLRDMNVK,0.703521,0.1572,51.6,0.63547,0.3186
HLA-A*11:01,KVLTPPITH,0.495907,0.4327,1211.1,0.343862,2.7903
HLA-A*11:01,KVVNRWLFR,0.604673,0.2698,40.9,0.657099,0.2495
HLA-A*11:01,LTLKGTSYK,0.859808,0.0536,12.4,0.767545,0.0394
HLA-A*11:01,MTATFLSKK,0.89762,0.0336,6.7,0.824366,0.0117
HLA-A*11:01,MTGGVTLVR,0.425066,0.5624,267.8,0.483319,1.2157
HLA-A*11:01,MVIFFMSPK,0.456631,0.4997,7.0,0.82018,0.0129
HLA-A*11:01,RVDGLELKK,0.835485,0.0677,101.1,0.573395,0.5949
HLA-A*11:01,RVKLSALTLK,0.728311,0.135,19.0,0.727884,0.0931
HLA-A*11:01,SAGGFFTSVGK,0.21509,1.2782,64.4,0.615058,0.3902
HLA-A*11:01,SCSSCPLSK,0.074017,2.6968,1241.7,0.341551,2.8259
HLA-A*11:01,SIGKLFTQTMK,0.116747,2.0334,119.6,0.557844,0.6944
HLA-A*11:01,SIIPSGPLK,0.947674,0.0097,13.5,0.759671,0.0515
HLA-A*11:01,SMYPSCCCTK,0.06751,2.8395,69.6,0.607907,0.4182
HLA-A*11:01,SSCSSCPLSK,0.413801,0.5848,24.7,0.703702,0.1401
HLA-A*11:01,SSCSSCPLSKI,0.001677,14.5034,4941.0,0.213909,5.8085
HLA-A*11:01,STLPETTVVRR,0.314875,0.8562,337.1,0.462058,1.4037
HLA-A*11:01,TINAVASRK,0.790278,0.091,38.8,0.661812,0.237
HLA-A*11:01,TSYNQTYEK,0.941737,0.0117,7.5,0.814386,0.0145
HLA-A*11:01,VLWDIPTPK,0.845166,0.0608,33.0,0.676799,0.1978
HLA-A*11:01,VMYNLWKMK,0.351592,0.7465,94.5,0.579612,0.5555
HLA-A*11:01,VTINQTSVK,0.802712,0.0861,30.4,0.684297,0.1819
HLA-A*11:01,VTITTARSK,0.660649,0.197,72.3,0.604415,0.4328
HLA-A*11:01,YVNTNMGLK,0.65362,0.2043,55.2,0.629278,0.3403
HLA-A*23:01,AYQGDYKLF,0.969308,0.0186,41.7,0.655285,0.1709
HLA-A*23:01,IYGIFQSTF,0.982185,0.0101,10.5,0.782747,0.0255
HLA-A*23:01,MWLGARYLEF,0.776273,0.2175,5.4,0.843951,0.0086
HLA-A*23:01,MYMALIAAF,0.950761,0.0345,4.9,0.852737,0.0081
HLA-A*23:01,RWFVRNPFF,0.948014,0.0364,10.1,0.786023,0.0227
HLA-A*23:01,VYMDAVFEYTI,0.787068,0.2072,13.2,0.761686,0.0352
HLA-A*24:02,AYAQKIFKIL,0.644479,0.3591,251.4,0.489166,0.4274
HLA-A*24:02,CYSIEPLDL,0.214404,1.3772,1382.4,0.331634,1.3395
HLA-A*24:02,DYNFVKQLF,0.935638,0.0567,126.1,0.552915,0.251
HLA-A*24:02,DYSPSCCTL,0.21335,1.3824,2327.3,0.283492,1.8584
HLA-A*24:02,EYLVSFGVW,0.699757,0.2961,89.3,0.584789,0.1931
HLA-A*24:02,EYTNIPISL,0.81559,0.1871,1171.9,0.346901,1.2084
HLA-A*24:02,EYVLLLFLL,0.37693,0.7979,477.2,0.429946,0.6411
HLA-A*24:02,FFQFCPLIF,0.435941,0.6775,81.0,0.593873,0.1763
HLA-A*24:02,FWAKHMWNF,0.921619,0.0753,13.0,0.76319,0.0165
HLA-A*24:02,FYTPLADQF,0.972225,0.0178,62.9,0.617262,0.141
HLA-A*24:02,GFADLMGYI,0.146416,1.8148,7332.4,0.177427,4.1237
HLA-A*24:02,HFSKCGFPF,0.340596,0.8907,100.1,0.574286,0.2122
HLA-A*24:02,IYGIFQSTF,0.986726,0.0086,11.0,0.778546,0.0096
HLA-A*24:02,IYVLVMLVL,0.484188,0.5887,939.3,0.367347,1.0337
HLA-A*24:02,KYLNAVSLCI,0.574972,0.4518,40.5,0.657854,0.0896
HLA-A*24:02,KYTSFPWLL,0.975861,0.0164,8.7,0.799689,0.0087
HLA-A*24:02,LFGYPVYVF,0.902851,0.0944,40.3,0.658267,0.0892
HLA-A*24:02,MWLGARYLEF,0.776907,0.2255,8.1,0.80623,0.0084
HLA-A*24:02,MYMALIAAF,0.949007,0.0412,7.9,0.808833,0.0083
HLA-A*24:02,NLVPMVATV,0.014266,6.2992,21737.1,0.076989,12.6788
HLA-A*24:02,PYKRIEELL,0.703759,0.2924,436.5,0.438174,0.6014
HLA-A*24:02,QFKDNVILL,0.632892,0.3725,1919.9,0.301275,1.6507
HLA-A*24:02,QYDPVAALF,0.988893,0.0072,55.0,0.629612,0.127
HLA-A*24:02,RMILMTHFF,0.664951,0.3354,27.4,0.693996,0.0585
HLA-A*24:02,RWFVRNPFF,0.953318,0.0367,15.7,0.745383,0.024
HLA-A*24:02,RYLEFEALGF,0.953007,0.037,9.3,0.793631,0.009
HLA-A*24:02,RYSIFFDYM,0.758395,0.242,90.6,0.583457,0.1955
HLA-A*24:02,SFHSLHLLF,0.946787,0.0437,16.5,0.740807,0.026
HLA-A*24:02,SFLLSHGLI,0.226505,1.3179,594.0,0.4097,0.7506
HLA-A*24:02,SYLGLTQPF,0.967453,0.0196,10.4,0.783374,0.0094
HLA-A*24:02,TYFNLGNKF,0.982727,0.0118,46.7,0.644655,0.1057
HLA-A*24:02,TYFSLNNKF,0.984292,0.0103,33.0,0.676709,0.0733
HLA-A*24:02,TYGPVFMSL,0.984165,0.0104,19.5,0.725376,0.0366
HLA-A*24:02,TYPVLEEMF,0.969579,0.0188,50.2,0.638071,0.1153
HLA-A*24:02,TYSAGIVQI,0.937847,0.0539,96.9,0.57724,0.2069
HLA-A*24:02,TYSTYGKFL,0.739248,0.2594,490.9,0.427324,0.6538
HLA-A*24:02,VYDFAFRDL,0.695983,0.2996,725.6,0.391208,0.8693
HLA-A*24:02,VYMDAVFEY,0.939876,0.0514,151.4,0.536029,0.2907
HLA-A*24:02,VYMDAVFEYTI,0.835729,0.1633,19.1,0.72745,0.0354
HLA-A*24:02,VYQRGTHPF,0.954385,0.0356,12.5,0.766429,0.0133
HLA-A*25:01,DVKFHTQAF,0.692285,0.0127,155.2,0.533725,0.0132
HLA-A*25:01,EAMDTISVF,0.842274,0.0058,47.2,0.643815,0.0082
HLA-A*25:01,ETACLSKAY,0.470798,0.0529,123.3,0.555052,0.011
HLA-A*25:01,EVIGLYGNGI,0.170045,0.3731,836.5,0.378057,0.0865
HLA-A*25:01,EVNPPFGDSY,0.636549,0.0179,338.6,0.461649,0.03
HLA-A*25:01,HTMWHVTRGAF,0.019848,2.8,1573.8,0.319647,0.1587
HLA-A*25:01,MAMTDTTPF,0.185193,0.3366,1249.2,0.340995,0.1196
HLA-A*25:01,SVKEDLVAY,0.740631,0.0095,243.8,0.492017,0.0221
HLA-A*25:01,YVIRDLAAM,0.612333,0.0209,45.9,0.646442,0.0081
HLA-A*26:01,DLAAMDGGGFY,0.398321,0.2619,667.4,0.39894,0.2483
HLA-A*26:01,EAMDTISVF,0.908069,0.0094,22.4,0.712702,0.0112
HLA-A*26:01,EISGSSARY,0.933393,0.0068,24.6,0.704133,0.0121
HLA-A*26:01,ETACLSKAY,0.84006,0.0219,15.2,0.748429,0.0091
HLA-A*26:01,EVNPPFGDSY,0.916639,0.0085,35.9,0.669177,0.0177
HLA-A*26:01,SVKEDLVAY,0.894616,0.0118,65.6,0.613393,0.0358
HLA-A*26:01,YVIRDLAAM,0.861727,0.0178,11.5,0.773957,0.0082
HLA-A*29:01,ILLARLFLY,0.858437,0.0869,5.4,0.843966,0.0091
HLA-A*29:02,AAMDGGGFY,0.900464,0.0481,28.3,0.690942,0.1393
HLA-A*29:02,AMDGGGFY,0.304264,0.7036,1819.8,0.306228,2.0978
HLA-A*29:02,AVTALTIAY,0.903247,0.0464,29.9,0.68605,0.1472
HLA-A*29:02,IWYMWLGARY,0.501502,0.3948,15.8,0.745168,0.0692
HLA-A*29:02,LVLAVGPAY,0.84342,0.0995,48.5,0.641213,0.2333
HLA-A*29:02,VYMDAVFEY,0.99297,0.0021,5.7,0.839734,0.0094
HLA-A*29:02,WFYDNDNPY,0.917323,0.0372,10.1,0.786383,0.0366
HLA-A*29:02,WYMWLGARY,0.822367,0.1144,9.2,0.794847,0.0331
HLA-A*29:02,YANMWSLMY,0.922758,0.0328,4.1,0.868765,0.0077
HLA-A*29:02,YMWLGARY,0.499613,0.3967,87.5,0.586719,0.3731
HLA-A*29:02,YMWLGARYLEF,0.017333,4.0767,212.2,0.50483,0.6562
HLA-A*30:01,RQYDPVAAL,0.230198,0.7206,2115.7,0.292303,6.1481
HLA-A*31:01,GTRKIMKVVNR,0.21913,1.1425,186.1,0.516981,1.1465
HLA-A*31:01,KTALTGAMR,0.735835,0.0726,23.9,0.706616,0.1779
HLA-A*31:01,KTHESHLVR,0.833771,0.0279,14.8,0.751174,0.0919
HLA-A*31:01,KVVNRWLFR,0.909245,0.0085,3.7,0.878871,0.0082
HLA-A*31:01,RLLMRRMR,0.219301,1.1414,63.1,0.616909,0.5272
HLA-A*32:01,ATWASHIHLVI,0.009169,7.2035,1670.3,0.314147,1.901
HLA-A*32:01,KAYANMWSL,0.81704,0.0315,7.4,0.814617,0.0098
HLA-A*32:01,KIMKVVNRW,0.938368,0.0072,16.4,0.741209,0.0268
HLA-A*32:01,KSAHGSPTF,0.72041,0.0608,51.8,0.635094,0.092
HLA-A*32:01,KTWGKNLVF,0.975158,0.0029,4.9,0.853607,0.0078
HLA-A*32:01,LQYGWKTW,0.062059,2.4119,2879.3,0.263821,2.8549
HLA-A*32:01,RIRDGLQYGW,0.494879,0.2146,183.5,0.518267,0.3261
HLA-A*32:01,RMAMTDTTPF,0.302458,0.509,32.7,0.677656,0.0589
HLA-A*32:01,RQYDPVAAL,0.778715,0.0416,85.4,0.588986,0.1559
HLA-A*32:01,RSCTMPPVSF,0.185947,0.9263,619.3,0.405854,0.8949
HLA-A*32:01,RTWHYCGSY,0.289218,0.5452,45.5,0.647243,0.0816
HLA-A*32:01,RVLDCRTAF,0.72314,0.0596,53.3,0.632473,0.0962
HLA-A*32:01,RVLDTVEKW,0.879724,0.0165,79.5,0.595599,0.1472
HLA-A*32:01,SMMPEAMTI,0.855336,0.0254,12.9,0.763986,0.0192
HLA-A*32:01,YMWLGARYLEF,0.022706,4.5108,1016.7,0.36003,1.3163
HLA-A*33:01,DVILPIGTR,0.64157,0.0401,86.1,0.588258,0.2388
HLA-A*33:03,GYRWMCLRR,0.084892,2.0962,356.1,0.45699,0.9849
HLA-A*33:03,HISCLTFGR,0.291135,0.5385,20.6,0.7204,0.0706
HLA-A*33:03,LVSFGVWIR,0.415169,0.2702,72.5,0.604126,0.2838
HLA-A*33:03,SVNVHNPTGR,0.283125,0.5631,376.4,0.451874,1.0227
HLA-A*33:03,VVDFSQFSR,0.409001,0.2796,327.8,0.464657,0.9322
HLA-A*33:03,YLWEWASVR,0.428828,0.2494,58.5,0.623941,0.2232
HLA-A*68:01,DVILPIGTR,0.816795,0.0789,24.5,0.704343,0.3072
HLA-A*68:01,FVFPTKDVALR,0.580201,0.3723,15.8,0.745059,0.1918
HLA-A*68:01,HNIRGRWTGR,0.128582,2.5383,282.3,0.478454,1.6701
HLA-A*68:01,MTDTTPFGQQR,0.281435,1.2035,108.4,0.566925,0.9563
HLA-A*68:01,MTGGVTLVR,0.842322,0.0609,11.5,0.774217,0.1237
HLA-A*68:01,MVIFFMSPK,0.557927,0.4063,3.1,0.89538,0.0085
HLA-A*68:01,QTSRLLMRR,0.702877,0.1972,14.4,0.753707,0.1697
HLA-A*68:01,TSAFVFPTK,0.763308,0.1388,12.7,0.765081,0.1413
HLA-A*68:01,TTPFGQQRVFK,0.114913,2.7903,322.4,0.466185,1.794
HLA-A*68:01,TVIRNPLSR,0.861714,0.0466,22.3,0.712937,0.2808
HLA-A*68:01,VTSTPVQGR,0.781289,0.1206,36.9,0.666562,0.4315
HLA-A*68:02,ETVAIDRPA,0.516559,0.3052,13.3,0.760583,0.0967
HLA-A*68:02,EVIGLYGNGI,0.574631,0.2268,17.8,0.734096,0.1421
HLA-B*07:02,AAVKAGAAL,0.638742,0.2055,97.2,0.577002,0.2904
HLA-B*07:02,APASSLLPAL,0.898917,0.052,11.2,0.776623,0.0303
HLA-B*07:02,APGGAKKPL,0.943356,0.0294,13.1,0.762562,0.0382
HLA-B*07:02,APNPNRFVI,0.980467,0.0105,8.9,0.798442,0.0185
HLA-B*07:02,APTRVVLSEM,0.795882,0.1054,12.1,0.769525,0.0343
HLA-B*07:02,APYAGLIMI,0.817244,0.0914,224.4,0.499692,0.5075
HLA-B*07:02,CPFSNRVWNSF,0.066204,1.725,422.8,0.44113,0.756
HLA-B*07:02,DEELVTTERK,6.6e-05,44.0,43675.5,0.012499,85.7342
HLA-B*07:02,FPKNDFVSF,0.812046,0.0941,78.8,0.596416,0.2464
HLA-B*07:02,FPRSMLSIF,0.870496,0.0657,9.2,0.794967,0.0196
HLA-B*07:02,FPSVFINPI,0.22441,0.7564,115.5,0.561087,0.3293
HLA-B*07:02,FPTNTLTSI,0.655073,0.1942,57.5,0.625454,0.1922
HLA-B*07:02,FPYEGGKVF,0.932292,0.0344,36.2,0.66833,0.1243
HLA-B*07:02,GPGHKARVL,0.6515,0.1962,110.7,0.565008,0.3195
HLA-B*07:02,GPLIEGNTSL,0.740482,0.1454,142.8,0.541475,0.3781
HLA-B*07:02,GPMAVSMTGVM,0.353209,0.5125,47.9,0.64249,0.1675
HLA-B*07:02,HPFSRIRDGL,0.631408,0.2122,61.7,0.619025,0.2017
HLA-B*07:02,HPGAGKTRRFL,0.178711,0.8931,464.3,0.432478,0.7949
HLA-B*07:02,HPRHYATVM,0.975289,0.0135,4.5,0.860301,0.0084
HLA-B*07:02,IPKYLEIEI,0.665291,0.1884,176.2,0.522,0.4343
HLA-B*07:02,IPRRIRQGL,0.967205,0.0181,6.0,0.833808,0.0101
HLA-B*07:02,KPMNVQSL,0.868505,0.0667,20.6,0.720294,0.0721
HLA-B*07:02,KPNYQRKPL,0.960531,0.0216,3.9,0.875377,0.0075
HLA-B*07:02,KPTHISYVM,0.904623,0.0492,18.2,0.732085,0.0628
HLA-B*07:02,KPYSGTAYNSL,0.88056,0.0604,24.1,0.705722,0.087
HLA-B*07:02,KVRSHAAI,0.06368,1.7633,639.3,0.402907,0.9508
HLA-B*07:02,LPIGTRSVET,0.060578,1.8154,517.9,0.422369,0.8491
HLA-B*07:02,LPKEYSSEL,0.940889,0.0305,14.9,0.75055,0.0475
HLA-B*07:02,LPLMALLTPV,0.036371,2.4343,39.5,0.660194,0.1382
HLA-B*07:02,LPRPDTRHL,0.941293,0.0303,16.6,0.74011,0.0563
HLA-B*07:02,LPRRSGAAGA,0.246334,0.6962,24.6,0.704044,0.0889
HLA-B*07:02,LPSIRAANVM,0.337951,0.5359,83.2,0.591361,0.2574
HLA-B*07:02,LPSNVEIKAI,0.14004,1.0701,635.3,0.40349,0.9479
HLA-B*07:02,MPALYEKKLAL,0.632886,0.2109,31.9,0.680035,0.1134
HLA-B*07:02,MPAYIRNTL,0.993528,0.0035,3.3,0.890216,0.0066
HLA-B*07:02,MPEAMTIVM,0.817596,0.0912,48.3,0.641546,0.169
HLA-B*07:02,MPEAMTIVML,0.334601,0.541,103.5,0.571152,0.3042
HLA-B*07:02,MPLLCGIGCAM,0.093271,1.3886,133.3,0.547837,0.3623
HLA-B*07:02,MPRSIGGPV,0.934331,0.0334,3.5,0.88468,0.007
HLA-B*07:02,MPVYNRQVL,0.964086,0.0199,7.1,0.819212,0.013
HLA-B*07:02,MVRRGVRSL,0.744019,0.1435,10.6,0.781908,0.0282
HLA-B*07:02,NLVPMVATV,0.003096,8.4989,24084.5,0.067511,17.8361
HLA-B*07:02,NPFFAVTAL,0.931079,0.0349,38.4,0.66287,0.1334
HLA-B*07:02,NPKASLLSL,0.966096,0.0187,12.1,0.76956,0.0343
HLA-B*07:02,NPLSRNSTHEM,0.262586,0.6648,300.2,0.472774,0.6184
HLA-B*07:02,NPSKMVYALL,0.250126,0.6889,225.7,0.499126,0.5098
HLA-B*07:02,NPSVLKILL,0.720819,0.1566,194.9,0.51268,0.4642
HLA-B*07:02,PQPRAPIRPIPT,0.000467,20.2885,12983.8,0.124616,7.6981
HLA-B*07:02,RARANESATIL,0.0475,2.1338,541.4,0.418279,0.8715
HLA-B*07:02,RAYRNALSM,0.333151,0.5432,138.7,0.544133,0.3715
HLA-B*07:02,RPAPGGKAY,0.812301,0.094,87.7,0.586473,0.2687
HLA-B*07:02,RPAPGGKAYM,0.978781,0.0115,4.9,0.853768,0.0088
HLA-B*07:02,RPHERNGFTV,0.622038,0.2208,33.8,0.674565,0.1185
HLA-B*07:02,RPHERNGFTVL,0.926321,0.0371,6.5,0.827602,0.0113
HLA-B*07:02,RPIDDRFGL,0.956113,0.0238,25.0,0.702483,0.0907
HLA-B*07:02,RPIDDRFGLA,0.278562,0.6338,279.8,0.479281,0.5911
HLA-B*07:02,RPIDDRFGLAL,0.893248,0.0546,17.9,0.733173,0.062
HLA-B*07:02,RPMSLRSTII,0.860156,0.0707,4.2,0.868404,0.0079
HLA-B*07:02,RPMTFKGAL,0.991092,0.0048,2.3,0.921534,0.0047
HLA-B*07:02,RPMTYKGAL,0.991056,0.0048,2.3,0.921396,0.0047
HLA-B*07:02,RPNQHHTIDL,0.931194,0.0349,6.9,0.821687,0.0125
HLA-B*07:02,RPPIFIRRL,0.69988,0.1688,150.7,0.536496,0.3905
HLA-B*07:02,RPRDAIRFL,0.987321,0.0068,5.0,0.851492,0.009
HLA-B*07:02,RPRGEVRFL,0.976366,0.0129,6.0,0.834778,0.01
HLA-B*07:02,RPRKTHESHL,0.917301,0.0415,5.0,0.850881,0.009
HLA-B*07:02,RPRKTHESHLV,0.243931,0.7013,68.6,0.60918,0.2212
HLA-B*07:02,RPSTRNFFEL,0.642332,0.2022,21.3,0.717273,0.0749
HLA-B*07:02,RPTAWFLPSI,0.235086,0.7263,28.5,0.690318,0.1039
HLA-B*07:02,RPTGKVTL,0.878535,0.0615,40.4,0.65805,0.142
HLA-B*07:02,RQYDPVAAL,0.248118,0.6928,2088.8,0.293486,1.9206
HLA-B*07:02,RVKLSALTL,0.546308,0.2881,91.1,0.58297,0.2767
HLA-B*07:02,RVLCCYVL,6.4e-05,44.5,12818.4,0.125801,7.595
HLA-B*07:02,RVLDCRTAF,0.220988,0.7661,215.7,0.503322,0.4942
HLA-B*07:02,SPGRKNGSF,0.668035,0.1869,50.3,0.637945,0.1746
HLA-B*07:02,SPHHKKLAQAV,0.119415,1.1852,406.2,0.444826,0.7394
HLA-B*07:02,SPKGISRM,0.513468,0.3182,310.0,0.469817,0.631
HLA-B*07:02,SPKGISRMSM,0.953993,0.0248,8.1,0.806609,0.0158
HLA-B*07:02,SPRERLVL,0.905129,0.0489,15.1,0.749118,0.0487
HLA-B*07:02,SPRERLVLT,0.438554,0.3896,152.0,0.535669,0.3926
HLA-B*07:02,SPRERLVLTL,0.946713,0.028,9.1,0.796403,0.0191
HLA-B*07:02,SPSNHHILL,0.970247,0.0164,11.7,0.772407,0.0327
HLA-B*07:02,TPRVTGGGA,0.396682,0.4468,70.8,0.606353,0.2267
HLA-B*07:02,TPRVTGGGAM,0.925937,0.0372,5.8,0.837808,0.0098
HLA-B*07:02,TPRYTGGGAM,0.941996,0.03,5.3,0.845819,0.0093
HLA-B*07:02,TPVIVVPVI,0.484477,0.3459,1233.3,0.342179,1.3856
HLA-B*07:02,TVADVRHCL,0.176578,0.8997,1694.0,0.312846,1.6662
HLA-B*07:02,VPAPAGPIV,0.8631,0.0695,76.7,0.598943,0.2414
HLA-B*07:02,VPATGRTLVL,0.961417,0.0212,8.4,0.803762,0.0167
HLA-B*07:02,VPFCSHHFHEL,0.093073,1.3905,299.1,0.473111,0.617
HLA-B*07:02,VPFGLVSM,0.682471,0.1788,380.7,0.450814,0.7124
HLA-B*07:02,WPLTHTIGTSV,0.059526,1.839,374.2,0.452421,0.7052
HLA-B*07:02,YPASIKKVL,0.977326,0.0123,8.9,0.79806,0.0186
HLA-B*07:02,YPSGTSGSPI,0.48423,0.3461,25.6,0.70032,0.0933
HLA-B*07:02,YPSNKNYEI,0.697318,0.1703,107.3,0.567835,0.3125
HLA-B*08:01,ALYEKKLAL,0.877903,0.016,85.6,0.588784,0.1518
HLA-B*08:01,DANDIYRIF,0.122818,1.9088,15176.7,0.110193,18.1154
HLA-B*08:01,DELRRKMMYM,0.111665,2.109,258.3,0.486658,0.445
HLA-B*08:01,EIYKRWII,0.255517,0.7682,332.3,0.463394,0.5444
HLA-B*08:01,ELKRKMIYM,0.797445,0.0362,60.7,0.620461,0.1085
HLA-B*08:01,ELKRKMMYM,0.815089,0.0315,33.1,0.676684,0.0548
HLA-B*08:01,ELRRKMMYM,0.781505,0.0407,25.9,0.699311,0.0439
HLA-B*08:01,FLRGRAYGL,0.874398,0.0166,9.4,0.793044,0.0091
HLA-B*08:01,GLKILQLL,0.070492,3.1611,3454.6,0.246985,3.8773
HLA-B*08:01,HLKRLWKML,0.308134,0.5812,95.3,0.578813,0.1708
HLA-B*08:01,HSKKKCDEL,0.262696,0.7407,980.7,0.363367,1.3122
HLA-B*08:01,HSRKKCDEL,0.260818,0.7479,719.6,0.391971,1.0213
HLA-B*08:01,MVRRGVRSL,0.747655,0.0547,37.4,0.665203,0.0614
HLA-B*08:01,QAKWRLQTL,0.919535,0.0074,20.9,0.718924,0.0353
HLA-B*08:01,QIKVRVDMV,0.312203,0.5679,788.7,0.383497,1.0999
HLA-B*08:01,QIKVRVKMV,0.510655,0.2326,291.5,0.475504,0.4888
HLA-B*08:01,RAKFKQLL,0.605453,0.1438,157.4,0.532456,0.28
HLA-B*08:01,SPRERLVLTL,0.720853,0.0648,89.5,0.584609,0.1598
HLA-B*08:01,WLGARYLEF,0.279707,0.6781,46.7,0.644729,0.0792
HLA-B*08:01,YMSPHHKKL,0.728421,0.0616,112.9,0.563187,0.1992
HLA-B*08:01,YNLRRGIAL,0.723511,0.0637,36.6,0.667283,0.0598
HLA-B*08:01,YNLRRGTAL,0.776921,0.0428,25.1,0.702168,0.0426
HLA-B*08:02,EIYKRWII,0.039759,0.7915,6792.9,0.184491,0.2439
HLA-B*08:02,FLKEKGGL,0.154339,0.0646,5253.3,0.208245,0.1335
HLA-B*08:02,FLRGRAYGL,0.25781,0.0148,1339.4,0.334553,0.0127
HLA-B*13:02,IQYVIRAQL,0.322651,0.3687,3451.2,0.247076,1.5734
HLA-B*13:02,RELKCGDGIFI,0.223948,0.7859,1971.5,0.298826,0.6744
HLA-B*13:02,RQWAQDLTL,0.62869,0.0272,337.5,0.461947,0.0385
HLA-B*13:02,YMWLGARYLEF,0.003831,27.9564,11440.0,0.136316,8.8596
HLA-B*14:02,CARRRLRTL,0.045743,3.122,749.7,0.388188,0.0624
HLA-B*14:02,RRRLRTLVL,0.528345,0.048,209.7,0.505945,0.0138
HLA-B*14:02,WKYLNAVSL,0.471366,0.0678,418.0,0.442185,0.0343
HLA-B*15:01,GQGGSPTAM,0.57729,0.2836,273.6,0.481352,1.1551
HLA-B*15:01,GQNLKYQEF,0.749057,0.1214,127.0,0.552277,0.6419
HLA-B*15:01,KMARLGKGY,0.825503,0.0627,37.9,0.664118,0.1857
HLA-B*15:01,KMQVIGDQY,0.785121,0.0971,151.5,0.535967,0.7408
HLA-B*15:01,KQFKQDSKY,0.940042,0.0106,41.8,0.65497,0.2043
HLA-B*15:01,LDFVRFMGV,0.000703,28.082,20312.0,0.083256,29.0931
HLA-B*15:01,LEKARGSTY,0.586024,0.2749,413.6,0.443168,1.5164
HLA-B*15:01,LLDFVRFMG,0.000107,54.359,24324.1,0.066596,36.9543
HLA-B*15:01,LLDFVRFMGV,0.000239,42.0,12413.1,0.128771,17.0933
HLA-B*15:01,LLLQRGPQY,0.750114,0.1207,136.0,0.545928,0.6805
HLA-B*15:01,LLMNGQQIF,0.815468,0.0697,15.0,0.749663,0.039
HLA-B*15:01,LVALTLTSY,0.638481,0.2178,23.3,0.709035,0.0994
HLA-B*15:01,MAMTDTTPF,0.515096,0.3646,10.7,0.780734,0.0211
HLA-B*15:01,NGALAINTF,0.110364,2.0789,3137.7,0.255878,5.6611
HLA-B*15:01,NQLQVQHTY,0.870547,0.0408,191.6,0.514282,0.884
HLA-B*15:01,PQYSEHPTF,0.379458,0.6164,1095.7,0.353119,2.8355
HLA-B*15:01,QLQVQHTYF,0.375692,0.626,324.2,0.465657,1.3065
HLA-B*15:01,QNGALAINT,3e-05,73.6364,41387.5,0.017472,86.8755
HLA-B*15:01,QNGALAINTF,0.019703,6.1142,3315.2,0.250791,5.8693
HLA-B*15:01,RMAMTDTTPF,0.661368,0.1928,3.8,0.876854,0.0064
HLA-B*15:01,RQYDPVAAL,0.895518,0.0287,43.0,0.652415,0.2114
HLA-B*15:01,SVKEDLVAY,0.93298,0.0135,40.4,0.658194,0.1968
HLA-B*15:01,TAVDFGNSY,0.821523,0.0655,113.6,0.562567,0.5834
HLA-B*15:01,TQIQTRRSF,0.917186,0.0207,24.5,0.704375,0.1077
HLA-B*15:01,TVQGQNLKY,0.510679,0.3708,1440.0,0.327862,3.3731
HLA-B*15:01,VLIEVNPPF,0.665931,0.1884,25.9,0.699396,0.1167
HLA-B*15:01,VQTAVDFGNSY,0.70643,0.1543,87.5,0.586704,0.4674
HLA-B*15:01,YMWLGARY,0.224433,1.1715,411.4,0.443649,1.5121
HLA-B*15:01,YMWLGARYLEF,0.018345,6.3564,376.8,0.451765,1.4368
HLA-B*15:02,ELRAREEAY,0.61071,0.1074,226.9,0.498661,0.3786
HLA-B*15:02,ELRAREESY,0.546579,0.1484,373.1,0.452679,0.5697
HLA-B*15:02,GQGGSPTAM,0.145841,1.0622,3879.1,0.236273,3.5473
HLA-B*18:01,CEWPLTHTI,0.295533,0.4035,246.9,0.490856,0.1657
HLA-B*18:01,GEIHAVPF,0.352659,0.3308,608.8,0.407427,0.3544
HLA-B*18:01,QEVEFIGY,0.79135,0.0615,154.4,0.534254,0.0976
HLA-B*18:01,REMHHLVEF,0.824685,0.0456,77.4,0.598019,0.0539
HLA-B*18:01,RERLVLTL,0.08952,1.2413,6655.3,0.186382,2.6897
HLA-B*18:01,SELEIKRY,0.662311,0.1086,848.8,0.376715,0.4571
HLA-B*18:01,SEYMTSWF,0.463501,0.233,127.3,0.552054,0.0876
HLA-B*18:01,VENVRVAY,0.732993,0.0792,219.1,0.501892,0.1435
HLA-B*27:01,ARMILMTHF,0.937421,0.0179,748.2,0.388367,0.075
HLA-B*27:02,IRDGLQYGW,0.975057,0.0354,389.9,0.448606,0.1451
HLA-B*27:02,SRIRDGLQY,0.971968,0.0395,411.0,0.44375,0.1557
HLA-B*27:04,QRSYVSGVL,0.401775,0.4178,1411.7,0.329697,0.5076
HLA-B*27:05,KRWIILGLNK,0.763883,0.2147,16.3,0.741942,0.0189
HLA-B*27:05,KRWIIMGLNK,0.757459,0.2199,17.8,0.733903,0.0227
HLA-B*27:05,RQWAQDLTL,0.400603,0.6482,80.8,0.594108,0.2688
HLA-B*27:05,RRFGGTVIR,0.975842,0.0228,25.3,0.701341,0.0504
HLA-B*27:05,RRFLPQIL,0.704815,0.2647,225.7,0.499134,0.6884
HLA-B*27:05,RRFLPQILA,0.931575,0.0669,51.3,0.63602,0.1619
HLA-B*27:05,RRIYDLIEL,0.983495,0.0142,28.6,0.689983,0.0594
HLA-B*27:05,RRLRTLVLA,0.506826,0.4888,16.6,0.740073,0.0193
HLA-B*27:05,RRLVVTLQC,0.457305,0.5566,263.5,0.484826,0.7735
HLA-B*27:05,RRMRRPTGK,0.491894,0.5079,18.6,0.730005,0.0257
HLA-B*27:05,RRRHRQDAL,0.101627,1.8101,314.2,0.468563,0.8808
HLA-B*27:05,RRRLRTLVL,0.384184,0.6787,57.6,0.625319,0.1888
HLA-B*27:05,SRLTYQWHK,0.830193,0.1584,46.0,0.646155,0.1336
HLA-B*35:01,APENAYQAY,0.925424,0.0428,81.6,0.593177,0.2765
HLA-B*35:01,APTRVVLSEM,0.064104,2.5501,2157.3,0.290503,2.2011
HLA-B*35:01,ASCMGLIY,0.002107,13.4401,7790.4,0.171827,5.5011
HLA-B*35:01,AVLLHEESM,0.048342,2.9902,6029.1,0.195515,4.4651
HLA-B*35:01,AVTALTIAY,0.699484,0.193,42.6,0.653264,0.1649
HLA-B*35:01,CPFSNRVWNSF,0.033773,3.6499,536.9,0.419043,0.9188
HLA-B*35:01,EAMDTISVF,0.980796,0.0154,5.1,0.849821,0.015
HLA-B*35:01,EPLPQGQLTAY,0.6247,0.2573,385.4,0.449687,0.7462
HLA-B*35:01,FLRGRAYGL,0.003881,10.4138,18560.6,0.09159,13.1408
HLA-B*35:01,FPQLSAIAL,0.925027,0.0431,6.5,0.826757,0.0216
HLA-B*35:01,GPMAVSMTGVM,0.039377,3.363,1265.1,0.339828,1.5564
HLA-B*35:01,HAVPFGLVSM,0.346053,0.6316,160.0,0.530945,0.4272
HLA-B*35:01,HPFALLLVL,0.79203,0.1243,11.4,0.775373,0.0424
HLA-B*35:01,HPNIEEVAL,0.937656,0.0362,23.3,0.70906,0.0946
HLA-B*35:01,HPVGEADYFEY,0.822713,0.1049,27.6,0.69332,0.1103
HLA-B*35:01,IPIILKALY,0.894996,0.0595,25.4,0.701072,0.101
HLA-B*35:01,IPSINVHHY,0.976326,0.0171,19.5,0.725308,0.0798
HLA-B*35:01,LMPDVAHSL,0.074623,2.3354,5066.3,0.211595,3.9373
HLA-B*35:01,LPEPLPQGQLTAY,0.65326,0.2317,118.2,0.558934,0.3551
HLA-B*35:01,LPFDKPTIM,0.978869,0.0161,12.8,0.76455,0.0482
HLA-B*35:01,LPFDKSTIM,0.97727,0.0167,8.4,0.803735,0.0286
HLA-B*35:01,LPFDKTTIM,0.982591,0.0141,7.8,0.809721,0.026
HLA-B*35:01,LPFDRTTIM,0.979589,0.0158,7.5,0.813457,0.0247
HLA-B*35:01,LPFEKSTVM,0.983066,0.0136,5.6,0.841004,0.0177
HLA-B*35:01,LPLNVGLPIIGVM,0.050319,2.935,199.9,0.510347,0.4915
HLA-B*35:01,LPSDFFPSV,0.501946,0.3877,175.3,0.522487,0.4536
HLA-B*35:01,LPWQSGSGGVW,0.099955,1.8945,1023.0,0.359458,1.3677
HLA-B*35:01,LVALTLTSY,0.589114,0.2921,41.8,0.655008,0.1619
HLA-B*35:01,LVLAVGPAY,0.820143,0.1065,16.4,0.741246,0.0677
HLA-B*35:01,MAGCGYLMF,0.228378,0.9722,31.7,0.6807,0.1256
HLA-B*35:01,MAMTDTTPF,0.954637,0.027,1.9,0.94011,0.0051
HLA-B*35:01,MGSLEMVPM,0.025434,4.2657,348.7,0.458931,0.6977
HLA-B*35:01,MPEAMTIVM,0.972601,0.0185,3.0,0.897878,0.0086
HLA-B*35:01,MPEAMTIVML,0.227739,0.9745,45.3,0.647579,0.1746
HLA-B*35:01,MPLLCGIGCAM,0.149454,1.3913,31.4,0.681371,0.1248
HLA-B*35:01,MPNRPNYIAF,0.946186,0.0319,5.3,0.845458,0.0163
HLA-B*35:01,QPAPENAYQAY,0.784234,0.131,167.9,0.526469,0.4412
HLA-B*35:01,RPAPGGKAY,0.956013,0.0262,45.7,0.646771,0.1762
HLA-B*35:01,RPIDDRFGLAL,0.242866,0.9198,2410.2,0.280257,2.3682
HLA-B*35:01,SVKEDLVAY,0.876443,0.074,39.1,0.661245,0.1513
HLA-B*35:01,TAHGVGEIPM,0.071963,2.3856,739.9,0.389409,1.1082
HLA-B*35:01,TAVDFGNSY,0.982051,0.0147,8.6,0.801158,0.0297
HLA-B*35:01,TPFGQQRVF,0.952359,0.0284,37.7,0.664582,0.1467
HLA-B*35:01,WFYDNDNPY,0.571865,0.3102,30.5,0.683977,0.1216
HLA-B*35:01,YAFVGVMY,0.558399,0.3251,199.7,0.510473,0.4911
HLA-B*35:01,YANMWSLMY,0.854635,0.0885,3.8,0.877218,0.0107
HLA-B*35:01,YPLHEQHGM,0.963492,0.0224,14.1,0.755256,0.0553
HLA-B*35:01,YVIRDLAAM,0.706316,0.1881,13.8,0.757127,0.0536
HLA-B*35:02,FPTKDVAL,0.672622,0.0567,177.2,0.521475,0.0487
HLA-B*35:03,HAVPFGLVSM,0.153344,0.522,3399.7,0.248464,0.4586
HLA-B*35:03,HPFALLLVL,0.808906,0.0299,46.2,0.645657,0.0091
HLA-B*35:03,MPEAMTIVM,0.964763,0.0039,9.1,0.796201,0.0052
HLA-B*35:03,MPEAMTIVML,0.462808,0.1573,84.5,0.589915,0.0145
HLA-B*35:03,MPLLCGIGCAM,0.060592,1.1426,574.5,0.412795,0.0961
HLA-B*35:03,NPFFAVTAL,0.938254,0.0069,54.0,0.6313,0.0095
HLA-B*35:03,RPIDDRFGL,0.588032,0.0969,2522.4,0.276052,0.3479
HLA-B*35:03,RPIDDRFGLAL,0.311132,0.2697,4733.0,0.217884,0.6305
HLA-B*35:03,VPFGLVSM,0.450152,0.1637,2778.8,0.267104,0.376
HLA-B*35:03,VPFGLVSMM,0.789344,0.034,523.9,0.421307,0.0902
HLA-B*35:08,CPSQEPMSIYVY,0.122822,1.1552,684.5,0.396595,0.3574
HLA-B*35:08,EPLPQGQLTAY,0.51134,0.2313,1158.1,0.347993,0.5217
HLA-B*35:08,FPTKDVAL,0.253874,0.5716,1448.2,0.327339,0.6221
HLA-B*35:08,HAVPFGLVSM,0.126973,1.1262,2152.8,0.290697,0.8328
HLA-B*35:08,HPVGEADYFEY,0.727836,0.0918,139.5,0.543578,0.1034
HLA-B*35:08,LPEPLPQGQLTAY,0.708553,0.0985,202.5,0.509141,0.1457
HLA-B*37:01,HDVLTVQF,0.184767,1.1299,11698.6,0.13425,4.8635
HLA-B*37:01,REMHHLVEF,0.815364,0.0193,200.6,0.510054,0.0156
HLA-B*38:01,FHERGYVKL,0.629086,0.0489,242.6,0.492467,0.0373
HLA-B*38:01,SHDVLTVQF,0.881038,0.0061,121.6,0.556308,0.0175
HLA-B*38:01,YMDAVFEYTI,0.028727,4.359,2335.3,0.283175,0.497
HLA-B*39:01,FHERGYVKL,0.778633,0.0575,35.1,0.671164,0.0281
HLA-B*39:01,SHAAIGAYL,0.91929,0.0136,25.6,0.700419,0.0181
HLA-B*39:01,WKYLNAVSL,0.782519,0.0554,14.0,0.755989,0.0093
HLA-B*40:01,AEMGANLCV,0.859563,0.1736,41.5,0.655742,0.1188
HLA-B*40:01,CEDVPSGKL,0.412672,0.6724,234.8,0.495489,0.4462
HLA-B*40:01,CEWPLTHTI,0.772498,0.2582,56.7,0.626866,0.1615
HLA-B*40:01,GEAMDTISV,0.941234,0.0783,41.5,0.655714,0.1188
HLA-B*40:01,GEIGAVAL,0.961219,0.0536,26.0,0.698973,0.065
HLA-B*40:01,GEIHAVPF,0.469365,0.5872,353.7,0.457624,0.5702
HLA-B*40:01,GEIHAVPFGL,0.931009,0.0938,24.4,0.704783,0.0589
HLA-B*40:01,GEIHAVPFGLV,0.075773,1.9724,1156.8,0.348097,1.0877
HLA-B*40:01,GETALALLLL,0.644522,0.3807,34.9,0.671649,0.1011
HLA-B*40:01,HERNGFTVL,0.962385,0.0519,26.3,0.697892,0.0662
HLA-B*40:01,HEVNGTWMI,0.962479,0.0518,23.7,0.707253,0.0571
HLA-B*40:01,IETVPVKL,0.476331,0.5784,1384.4,0.331503,1.1989
HLA-B*40:01,KELYPLTSL,0.985617,0.0215,19.3,0.726641,0.0426
HLA-B*40:01,KEVNSQLSL,0.98416,0.025,15.9,0.744487,0.031
HLA-B*40:01,LEDGIYGIF,0.784011,0.2469,103.5,0.571215,0.2496
HLA-B*40:01,LEFEALGFL,0.92997,0.0955,14.3,0.753978,0.0267
HLA-B*40:01,MEVTPSGTWL,0.810241,0.2104,47.4,0.643369,0.1345
HLA-B*40:01,NEALAAAGL,0.912752,0.1178,33.3,0.676069,0.0961
HLA-B*40:01,RELKCGDGIFI,0.406539,0.6819,712.4,0.392904,0.8361
HLA-B*40:01,REMHHLVEF,0.964678,0.049,22.7,0.711395,0.0541
HLA-B*40:01,RERLVLTL,0.527029,0.5145,324.7,0.465539,0.5385
HLA-B*40:01,SEMKEAFHGL,0.923712,0.1042,28.4,0.690868,0.0751
HLA-B*40:01,YEKKLALYL,0.931869,0.0925,39.2,0.660936,0.113
HLA-B*40:02,GEIGAVAL,0.961672,0.0266,28.4,0.690765,0.1095
HLA-B*40:02,GEIHAVPFGL,0.817915,0.1551,22.9,0.710614,0.0753
HLA-B*40:02,QEMENFLGPI,0.212985,1.1759,23.8,0.707001,0.0799
HLA-B*40:02,REMHHLVEF,0.94507,0.0443,11.7,0.772354,0.0171
HLA-B*40:02,RERLVLTL,0.845956,0.1332,18.7,0.729449,0.0574
HLA-B*40:02,RQWAQDLTL,0.515401,0.475,63.4,0.616534,0.2615
HLA-B*40:02,SEMKEAFHGL,0.81225,0.1592,21.6,0.715966,0.069
HLA-B*40:02,VEFEPPHAA,0.939638,0.0507,72.3,0.604392,0.2948
HLA-B*40:02,YEKKLALYL,0.90185,0.0774,24.1,0.706048,0.0818
HLA-B*44:02,EENLLDFVRF,0.73219,0.1442,41.9,0.654858,0.0493
HLA-B*44:02,HESHLVRSW,0.993707,0.0021,10.7,0.780721,0.0082
HLA-B*44:02,SEMKEAFHGL,0.775675,0.1178,32.5,0.678386,0.0363
HLA-B*44:02,SEVSNVQRI,0.898982,0.0527,57.8,0.62505,0.0739
HLA-B*44:02,TESWIVDRQW,0.948381,0.025,21.5,0.71639,0.0166
HLA-B*44:03,EECDSELEIKRY,0.385186,0.4617,2233.2,0.287308,1.2255
HLA-B*44:03,HESHLVRSW,0.990756,0.0039,16.1,0.742991,0.0097
HLA-B*44:03,TESWIVDRQW,0.896303,0.0616,34.5,0.672633,0.0385
HLA-B*44:05,EENLLDFVRF,0.343457,0.2185,540.7,0.418385,0.1321
HLA-B*44:05,EFFWDANDI,0.00102,11.3315,29559.6,0.048579,17.7804
HLA-B*46:01,HAMHISTGL,0.054853,0.3242,4453.4,0.223512,0.2055
HLA-B*46:01,HISTGLSIF,0.056773,0.3087,7175.4,0.179428,0.4504
HLA-B*46:01,HLAAQGMAY,0.161705,0.0532,4452.6,0.223529,0.2055
HLA-B*46:01,IQAPSNRVM,0.055507,0.3189,8623.6,0.162436,0.5945
HLA-B*50:01,HEMYYVSGA,0.843441,0.0384,16.5,0.741015,0.0083
HLA-B*50:01,VEFEPPHAA,0.978369,0.0032,32.2,0.679218,0.0155
HLA-B*51:01,DAMYMALI,0.843242,0.0388,251.9,0.489004,0.0374
HLA-B*51:01,IPFYGKAI,0.903851,0.0173,274.1,0.481193,0.042
HLA-B*51:01,LPSDFFPSV,0.960172,0.0057,80.6,0.594362,0.0094
HLA-B*51:01,TAFTIPSI,0.915051,0.0145,326.6,0.464999,0.0522
HLA-B*52:01,SMMPEAMTI,0.52167,0.0241,846.5,0.376967,0.0284
HLA-B*52:01,TAFTIPSI,0.440031,0.055,2050.4,0.295201,0.1521
HLA-B*53:01,EPWNTGHDW,0.934817,0.0093,43.4,0.651511,0.0514
HLA-B*53:01,IPYLDGTFY,0.909653,0.0184,53.0,0.633019,0.0653
HLA-B*53:01,LPGSYTYEW,0.943308,0.0081,6.5,0.82757,0.0078
HLA-B*53:01,LPWQSGSGGVW,0.567374,0.1738,39.4,0.66041,0.0456
HLA-B*53:01,MPEAMTIVML,0.244044,0.7241,77.4,0.598065,0.0997
HLA-B*55:01,LPIGTRSV,0.428729,0.1631,648.5,0.401592,0.2525
HLA-B*55:01,LPLMALLTPV,0.09306,1.6479,49.1,0.640031,0.0105
HLA-B*55:01,MPRSIGGPV,0.799804,0.009,10.5,0.782766,0.0061
HLA-B*55:01,RPTAWFLPSI,0.088866,1.7387,424.2,0.440824,0.1611
HLA-B*55:02,KPWDIIPMV,0.79506,0.0207,316.1,0.468011,0.3931
HLA-B*55:02,LPVWLAYRV,0.46485,0.2387,31.7,0.680581,0.0363
HLA-B*57:01,ATWASHIHLVI,0.009052,9.6686,2499.6,0.276892,2.5113
HLA-B*57:01,CTMPPVSF,0.181404,1.2838,1563.0,0.320285,1.7206
HLA-B*57:01,ESWIVDRQW,0.869833,0.0525,55.0,0.629617,0.1472
HLA-B*57:01,GSRAIWYMW,0.86354,0.0575,11.7,0.772353,0.0145
HLA-B*57:01,HTWTEQYKF,0.875444,0.0485,67.8,0.610234,0.176
HLA-B*57:01,ITAHLKRLW,0.978922,0.0062,9.2,0.794679,0.0106
HLA-B*57:01,KAKGSRAIW,0.970981,0.0086,21.1,0.718228,0.0465
HLA-B*57:01,KAYANMWSL,0.65649,0.2169,35.0,0.671522,0.0928
HLA-B*57:01,KIMKVVNRW,0.976605,0.0069,22.2,0.71336,0.0521
HLA-B*57:01,KSAHGSPTF,0.91813,0.0294,63.1,0.616884,0.1659
HLA-B*57:01,KTWGKNLVF,0.945757,0.0208,30.2,0.685061,0.0769
HLA-B*57:01,MLSPMLHHW,0.838071,0.0708,32.8,0.677451,0.0844
HLA-B*57:01,RIRDGLQYGW,0.831817,0.075,93.4,0.580697,0.2217
HLA-B*57:01,RVLDTVEKW,0.988201,0.0035,20.4,0.72133,0.0415
HLA-B*57:01,TSTLQEQIGW,0.656803,0.2166,72.9,0.603528,0.1862
HLA-B*57:01,VSFIEFVGW,0.880964,0.0453,14.2,0.754903,0.0213
HLA-B*57:01,VSSAVPTSW,0.987259,0.0038,8.9,0.797768,0.0101
HLA-B*57:03,KAFSPEVIPMF,0.650361,0.2119,56.2,0.627693,0.1196
HLA-B*57:03,KGFNPEVIPMF,0.152654,2.1258,1125.4,0.350644,1.4548
HLA-B*58:01,ASFCGSPYSW,0.937746,0.0283,5.3,0.845651,0.0178
HLA-B*58:01,ATLNICNFW,0.80985,0.1246,13.2,0.761754,0.0849
HLA-B*58:01,IALYLQQNW,0.95676,0.0213,3.8,0.876289,0.0091
HLA-B*58:01,KSAHGSPTF,0.924095,0.0362,22.8,0.710947,0.1522
HLA-B*58:01,KTWGKNLVF,0.946328,0.0255,17.4,0.735992,0.115
HLA-B*58:01,LSIFDTSLF,0.671881,0.256,18.6,0.730065,0.1207
HLA-B*58:01,MTTEDMLEVW,0.828592,0.1065,5.4,0.844096,0.0182
HLA-B*58:01,MTTEDMLQVW,0.866573,0.0751,5.0,0.850548,0.0164
HLA-B*58:01,MTTEDMLSVW,0.831359,0.1038,4.9,0.85319,0.0156
HLA-B*58:01,MTTEDMLTVW,0.878609,0.0674,4.5,0.861017,0.0117
HLA-B*58:01,NAAEPEQPW,0.76278,0.1611,118.8,0.558447,0.5373
HLA-B*58:01,RGINDRNFW,0.844629,0.0936,46.1,0.645975,0.2703
HLA-B*58:01,RVLDTVEKW,0.995003,0.0023,7.7,0.81181,0.0349
HLA-B*58:01,SITAQPVKI,0.053542,4.3845,16038.2,0.10509,20.2369
HLA-B*58:01,SVIWMMWYW,0.497663,0.5133,70.0,0.607395,0.3699
HLA-B*58:01,VSFIEFVGW,0.905453,0.0508,9.2,0.794732,0.0485
HLA-C*03:03,FVYGGSKTSL,0.743003,0.1193,26.2,0.698344,0.115
HLA-C*03:04,FVYGGSKTSL,0.743003,0.1193,26.2,0.698344,0.115
HLA-C*06:02,RRFLPQIL,0.323901,0.363,1359.8,0.333157,0.4359
HLA-C*06:02,TRATKMQVI,0.55443,0.1064,221.0,0.501084,0.079
HLA-C*06:02,TRRFLPQIL,0.567733,0.0993,171.6,0.524492,0.0633
HLA-C*07:02,CRVLCCYVL,0.005795,17.3329,4841.0,0.215799,2.9635
HLA-C*07:02,FRKDVNMVL,0.872398,0.0142,25.8,0.69945,0.0097
HLA-C*07:02,TPRVTGGGAM,0.053289,4.9665,9163.2,0.156826,6.0322
HLA-C*08:01,FLGPLLVLQA,0.000759,20.5769,24394.5,0.066329,12.1795
HLA-C*08:01,GILGFVFTL,0.170012,0.8489,5750.0,0.199896,1.8393
